,canonical_smiles,Label
0,CC(=O)Nc1ccc(O)cc1,1
1,CC(=O)c1ccc(S(=O)(=O)NC(=O)NC2CCCCC2)cc1,0
2,CC(C)=NNc1ncc(-c2ccc([N+](=O)[O-])o2)s1,1
3,CC(C)=NO,1
4,C=CC(OC(C)=O)c1ccc2c(c1)OCO2,1
5,CC(=O)Nc1ccc(-c2ccccc2)cc1,1
6,CC(=O)Nc1cccc2c1Cc1ccccc1-2,0
7,CC(=O)Nc1ccc2c(c1)Cc1ccccc1-2,1
8,CC(=O)Nc1cccc2c1-c1ccccc1C2,0
9,CC(=O)Nc1ccc(CC(=O)O)cc1,0
10,CC(=O)N[C@@H](CS)C(=O)O,0
11,C=CC=O,0
12,C=CC(OCC)OCC,0
13,C=C/C=N/O,0
14,COc1cc2c(c3c1c(=O)c1ccccc1n3C)C=CC(C)(C)O2,1
15,C=CC(N)=O,1
16,C=CC(=O)O,0
18,NC(=O)CCCCC(N)=O,0
19,NC(=O)/C(=C\c1ccc([N+](=O)[O-])o1)c1ccco1,1
20,COc1cc2c(c3oc(=O)c4c(c13)CC[C@H]4O)[C@@H]1C=CO[C@H]1O2,1
21,COc1cc2c(c3oc(=O)c4c(c13)CCC4=O)C1C=COC1O2,1
23,C=CCOc1ccc(CC(=O)O)cc1Cl,0
24,CNC(=O)O/N=C/C(C)(C)SC,0
25,ClC1=C(Cl)[C@]2(Cl)[C@@H]3[C@H]4C=CC(C4)[C@@H]3C1(Cl)C2(Cl)Cl,0
26,CCCCCCCCCCC(C)c1ccc(S(=O)(=O)[O-])cc1,0
27,CCCCCCCCCC[N+](C)(C)[O-],0
28,NC(=O)NC1NC(=O)NC1=O,0
29,C=CCO,0
30,C=CCOCC1CO1,0
31,C=CCN=C=S,1
32,C=CCOC(=O)CC(C)C,1
33,C=CCN(N=O)C(N)=O,1
34,Nc1c(Br)cc(Br)c2c1C(=O)c1ccccc1C2=O,1
35,CCOc1ccc(NC(C)=O)cc1N,0
36,CCn1c2ccccc2c2cc(N)ccc21,1
37,NC(N)=Nc1nc(CSCCNc2nsnc2N)cs1,1
38,Cc1ccc2c(c1N)C(=O)c1ccccc1C2=O,1
39,Nc1nnc(-c2ccc([N+](=O)[O-])o2)o1,1
40,Nc1nnc(-c2ccc([N+](=O)[O-])o2)s1,1
41,Nc1nc(-c2ccc([N+](=O)[O-])o2)cs1,1
42,Nc1cc([N+](=O)[O-])ccc1O,1
43,Nc1ccc([N+](=O)[O-])cc1O,1
44,Nc1ccc(O)c([N+](=O)[O-])c1,1
45,Nc1ncc([N+](=O)[O-])s1,1
46,NC1=NC(=O)C(c2ccccc2)O1,0
47,Nc1ccc2c(c1)C(=O)c1ccccc1C2=O,1
48,Cc1cc(N=Nc2ccccc2C)ccc1N,1
49,NCCCCCC(=O)O,0
51,NCC1(CC(=O)O)CCCCC1,1
52,Nc1ccc(N(CCO)CCO)cc1,0
53,NCCCCCCCCCCC(=O)O,1
54,O=C([O-])CC(O)(CC(=O)O)C(=O)[O-],0
55,CCC1(CCC(C)C)C(=O)NC(=O)NC1=O,0
56,CC(N)Cc1ccccc1,0
57,CC1(C)S[C@@H]2[C@H](NC(=O)[C@H](N)c3ccccc3)C(=O)N2[C@H]1C(=O)O,0
58,CCCCCN(N=O)C(N)=O,1
59,C/C=C/c1ccc(OC)cc1,0
60,Clc1nc(Cl)nc(Nc2ccccc2Cl)n1,0
61,COc1ccccc1N,1
62,COc1ccc(N)cc1,0
63,Nc1ccccc1C(=O)O,0
64,CC(COc1ccc(C(C)(C)C)cc1)OS(=O)OCCCl,1
65,COc1cccc2c1cc([N+](=O)[O-])c1c(C(=O)[O-])cc3c(c12)OCO3,1
66,Clc1cccc(-c2cc(Cl)cc(Cl)c2)c1,1
67,Clc1ccc(-c2cccc(Cl)c2Cl)c(Cl)c1,1
68,Clc1cccc(-c2ccc(Cl)c(Cl)c2Cl)c1Cl,1
69,Clc1ccc(-c2ccc(Cl)c(Cl)c2Cl)c(Cl)c1Cl,1
70,O=C1OC(C(O)CO)C([O-])=C1O,0
71,O=C1O[C@H]([C@@H](O)CO)C(O)=C1O,0
72,COC(=O)[C@H](Cc1ccccc1)NC(=O)[C@@H](N)CC(=O)O,0
73,CC(=O)Oc1ccccc1C(=O)O,0
74,COc1ccc(CCN2CCC(Nc3nc4ccccc4n3Cc3ccc(F)cc3)CC2)cc1,0
75,CC(C)NCC(O)COc1ccc(CC(N)=O)cc1,0
76,CCNc1nc(Cl)nc(NC(C)C)n1,1
77,CN1[C@@H]2CC[C@H]1CC(OC(=O)C(CO)c1ccccc1)C2,0
78,CN(C)c1ccc(C(=N)c2ccc(N(C)C)cc2)cc1,1
79,Nc1ncn([C@@H]2O[C@H](CO)[C@@H](O)[C@H]2O)c(=O)n1,1
80,Nc1cnn([C@@H]2O[C@H](CO)[C@@H](O)[C@H]2O)c(=O)n1,0
81,N#[N+]/C=C(\[O-])OC[C@H](N)C(=O)O,1
83,CC1=C(C(=O)OC(C)C)C(c2cccc([N+](=O)[O-])c2)C(C(=O)OC2CN(C(c3ccccc3)c3ccccc3)C2)=C(N)N1,0
84,COP(=S)(OC)SCn1nnc2ccccc2c1=O,0
85,c1ccc(N=Nc2ccccc2)cc1,1
86,CCCN=[N+]([O-])CCC,1
87,CC(C)N=[N+]([O-])C(C)C,1
88,Cc1cn([C@H]2C[C@H](N=[N+]=[N-])[C@@H](CO)O2)c(=O)[nH]c1=O,1
89,CCC1(CC)C(=O)N=C([O-])NC1=O,1
90,O=C1CC(=O)NC(=O)N1,0
91,CCOCCc1c(-c2ccccc2)nc(N)n2ncnc12,1
92,O=C(O)C1=C/C(=N/Nc2ccc(C(=O)O)cc2)C=CC1=O,0
93,O=Cc1ccccc1,0
97,O=C([O-])c1ccccc1,0
98,c1ccc2occc2c1,1
99,Nc1nc(N)nc(-c2ccccc2)n1,0
100,O=C(O)c1ccccc1,0
101,O=C(c1ccccc1)C(O)c1ccccc1,0
102,c1ccc2n[nH]nc2c1,0
103,CC(=O)OCc1ccccc1,0
104,OCc1ccccc1,0
105,ClCc1ccccc1,0
106,Oc1ccc(Cl)cc1Cc1ccccc1,0
107,S=C=NCc1ccccc1,0
108,N#CSCc1ccccc1,0
109,NC(=O)Cc1c([O-])on[n+]1Cc1ccccc1,1
110,Nc1ccccc1-c1ccccc1,0
111,CC(CCl)OC(C)CCl,0
112,O=P([O-])(OCC(Br)CBr)OCC(Br)CBr,1
113,Clc1cnc(Oc2ccc(Oc3ncc(Cl)cc3Cl)cc2)c(Cl)c1,0
114,O=[N+]([O-])c1ccc(-c2nc(N(CCO)CCO)c3ccccc3n2)s1,1
115,OCCN(CCO)c1nc(-c2cccs2)nc2ccccc12,0
116,CC(O)CNCC(C)O,0
117,CC(C)(c1ccc(O)cc1)c1ccc(O)cc1,0
118,CC(=O)Nc1ccc(S(=O)(=O)[O-])c2c1C(=O)/C(=N/Nc1ccc(N=Nc3ccc(S(=O)(=O)[O-])cc3)c3ccc(S(=O)(=O)[O-])cc13)C(S(=O)(=O)[O-])=C2,0
119,Nc1ccc(N=Nc2ccc(-c3ccc(N=Nc4c(S(=O)(=O)[O-])cc5c(c4N)C(=O)/C(=N/Nc4ccccc4)C(S(=O)(=O)[O-])=C5)cc3)cc2)c(N)c1,1
120,Nc1cc(S(=O)(=O)[O-])cc2c1C(=O)/C(=N/Nc1ccc(-c3ccc(N/N=C4\C(=O)c5c(N)cc(S(=O)(=O)[O-])cc5C=C4S(=O)(=O)[O-])cc3)cc1)C(S(=O)(=O)[O-])=C2,1
121,COc1cc(-c2ccc(N/N=C3\C(=O)c4c(N)cc(S(=O)(=O)[O-])cc4C=C3S(=O)(=O)[O-])c(OC)c2)ccc1N/N=C1\C(=O)c2c(N)cc(S(=O)(=O)[O-])cc2C=C1S(=O)(=O)[O-],1
122,Nc1ccc(N)c2c1C(=O)c1c(N)ccc(N)c1C2=O,1
123,CCN(Cc1cccc(S(=O)(=O)[O-])c1)c1ccc(C(=C2C=CC(=[N+](CC)Cc3cccc(S(=O)(=O)[O-])c3)C=C2)c2ccccc2S(=O)(=O)[O-])cc1,0
124,O=C1/C(=C2\Nc3ccc(S(=O)(=O)[O-])cc3C2=O)Nc2ccc(S(=O)(=O)[O-])cc21,0
125,CNc1ccc(N(CCO)CCO)cc1[N+](=O)[O-],1
126,O=[N+]([O-])c1cc(N(CCO)CCO)ccc1NCCO,0
127,CC(C)C[C@H]1C(=O)N2CCC[C@H]2[C@]2(O)O[C@](NC(=O)[C@@H]3C=C4c5cccc6[nH]c(Br)c(c56)C[C@H]4N(C)C3)(C(C)C)C(=O)N12,1
128,CCC[C@@H]1O[C@@H]2C[C@H]3[C@@H]4CCC5=CC(=O)C=C[C@]5(C)[C@H]4[C@@H](O)C[C@]3(C)[C@]2(C(=O)CO)O1,1
129,CCCCOCCO,0
130,CC(C)(C)O,1
131,CCCCCl,0
132,CCCCN(CCCCO)N=O,1
133,CC(C)(C)c1cc(CO)cc(C(C)(C)C)c1O,0
134,Cc1ccc(O)c(C(C)(C)C)c1,0
135,CCCCN(N=O)/C(N)=N/[N+](=O)[O-],0
136,CCCCN(N=O)C(N)=O,1
137,COc1ccc(O)c(C(C)(C)C)c1,1
138,Cc1cc(C(C)(C)C)c(O)c(C(C)(C)C)c1,0
139,CC(C)(C)c1cc(C(C)(C)C)c(O)c(C(C)(C)C)c1,0
140,CC(C)(C)c1ccc(O)cc1,0
141,CCCCNC(N)=O,0
142,CC1CC(=O)O1,1
143,O=C1CCCO1,0
144,O=C(O)/C=C/c1ccc(O)c(O)c1,1
145,Cn1c(=O)c2c(ncn2C)n(C)c1=O,0
146,CN(C)C(=O)COC(=O)Cc1ccc(OC(=O)c2ccc(N=C(N)N)cc2)cc1,0
147,CCOc1nc2cccc(C(=O)OC(C)OC(=O)OC3CCCCC3)c2n1Cc1ccc(-c2ccccc2-c2nn[nH]n2)cc1,0
148,O=C1CCCCCN1,0
149,O=C1C2CC=CCC2C(=O)N1SC(Cl)(Cl)C(Cl)Cl,1
150,O=C1C2CC=CCC2C(=O)N1SC(Cl)(Cl)Cl,1
151,CNC(=O)Oc1cccc2ccccc12,1
152,NC(=O)N(CC(=O)O)N=O,1
153,CCC(Br)(CC)C(=O)NC(N)=O,0
154,CC1=C(/C=C/C(C)=C/C=C/C(C)=C/C=C/C=C(C)/C=C/C=C(C)/C=C/C2=C(C)CCCC2(C)C)C(C)(C)CCC1,0
155,Oc1ccccc1O,1
156,Cc1ccc(-c2cc(C(F)(F)F)nn2-c2ccc(S(N)(=O)=O)cc2)cc1,0
157,CCN(CC)C(=O)Nc1ccc(OCC(O)CNC(C)(C)C)c(C(C)=O)c1,0
158,C[C@@H]1O[C@@]2(CS1)CN1CCC2CC1,0
159,Nc1cc(Cl)cc(C(=O)O)c1Cl,0
161,O=C(N[C@H](CO)[C@H](O)c1ccc([N+](=O)[O-])cc1)C(Cl)Cl,0
162,ClC1=C(Cl)[C@@]2(Cl)[C@@H]3[C@@H](Cl)[C@H](Cl)C[C@@H]3C1(Cl)C2(Cl)Cl,0
163,O=C(O)[C@@H]1[C@H](C(=O)O)[C@@]2(Cl)C(Cl)=C(Cl)[C@]1(Cl)C2(Cl)Cl,1
164,CCC(Cl)CCC(Cl)C(Cl)CC(Cl)C(Cl)C(Cl)CCl,1
165,CCCC(Cl)CCC(Cl)CCC(Cl)CCC(Cl)CCC(Cl)CCC(Cl)CCC(C)Cl,0
166,Nc1ccc(Oc2ccc(Cl)cc2)cc1,1
167,O=C1OC(O)C(C(Cl)Cl)=C1Cl,1
168,C[C@@H]1C[C@H](C)CN(S(=O)(=O)c2ccc(Cl)c(C(=O)O)c2)C1,1
169,O=[N+]([O-])c1ccc(Cl)c([N+](=O)[O-])c1,0
170,C=C(C)CCl,1
171,O=[N+]([O-])c1ccccc1Cl,0
172,O=[N+]([O-])c1ccc(Cl)cc1,0
173,Nc1ccc(Cl)c(N)c1,1
174,Nc1ccc(Cl)cc1N,1
175,Nc1ccc(N)c(Cl)c1,0
176,CC(O)CCl,0
177,Cc1ccc(N)cc1Cl,0
178,Cc1ccc(Cl)cc1N,0
179,Cc1cc(Cl)ccc1N,0
180,Cc1cccc(Nc2cc(Cl)nc(SCC(=O)O)n2)c1C,1
181,Cc1cccc(Nc2cc(Cl)nc(SCC(=O)NCCO)n2)c1C,1
182,O=C(CCl)c1ccccc1,0
183,CC(=O)Nc1ccc(C(=O)CCl)cc1,0
184,N#CC(C#N)=Cc1ccccc1Cl,0
185,Clc1ccccc1,1
186,CCOC(=O)C(O)(c1ccc(Cl)cc1)c1ccc(Cl)cc1,0
187,C[N+](C)(C)CCCl,0
188,CC(O)CNC(=O)N(N=O)C(C)Cl,1
189,ClCc1ccccn1,0
190,ClCc1cccnc1,1
191,CN(C)C(=O)Nc1ccc(Cl)cc1,1
192,Cc1nnc2n1-c1sc(CCc3ccc(CC(C)C)cc3)cc1C(c1ccccc1Cl)=NC2C,0
193,C#CC(OC(N)=O)(c1ccccc1)c1ccc(Cl)cc1,1
194,Clc1ccc(Sc2cc(Cl)c(Cl)cc2Cl)cc1,0
195,N#Cc1c(Cl)c(Cl)c(Cl)c(C#N)c1Cl,1
196,O=NN(CCCl)C(=O)N[C@@H]1[C@@H](O)[C@H](O)[C@@H](CO)O[C@@H]1O,1
197,C[NH+](C)CCC(c1ccc(Cl)cc1)c1ccccn1,0
198,CCCNC(=O)NS(=O)(=O)c1ccc(Cl)cc1,0
199,C[N+](C)(C)CCO,0
200,O=C1c2cccc(O)c2C(=O)c2c(O)cccc21,1
201,CN=C(NC#N)NCCSCc1nc[nH]c1C,0
202,O=C/C=C/c1ccccc1,0
203,Nc1ccccc1C(=O)OC/C=C/c1ccccc1,1
204,CC(C)(Oc1ccc(C2CC2(Cl)Cl)cc1)C(=O)O,1
205,CC(C)=CCC/C(C)=C/C=O,0
206,O=C(O)CC(O)(CC(=O)O)C(=O)O,0
207,CC1=C2C(=CO[C@@H](C)[C@@H]2C)C(=O)C(C(=O)O)=C1O,1
208,C=C/C1=C/[C@H](C)[C@](C)(OC(C)=O)C(=O)OCC2=CC[N+]3(C)CC[C@@H](OC1=O)C23[O-],1
209,CC(C)(OCc1ccc(-c2ccc(Cl)cc2)cc1)C(=O)O,0
210,CCOC(=O)C(C)(C)Oc1ccc(Cl)cc1,1
211,O=C(Nc1ccc([N+](=O)[O-])cc1Cl)c1cc(Cl)ccc1O,0
212,Clc1cccc(-c2cccc(Cl)c2)c1,1
213,COc1ccc2c3c1O[C@H]1[C@@H](O)C=C[C@H]4[C@@H](C2)N(C)CC[C@@]341,0
214,CN[C@H]1CCc2cc(OC)c(OC)c(OC)c2-c2ccc(OC)c(=O)cc21,0
215,Cc1ccc2c(-c3cccc(O)c3)nc(=O)n(C(C)C)c2c1,0
216,CCOP(=S)(OCC)Oc1ccc2c(C)c(Cl)c(=O)oc2c1,0
217,O=c1ccc2ccccc2o1,1
218,COc1ccc(N)c(C)c1,1
219,COc1ccc(C)cc1N,1
220,C/C=C/C=O,1
221,O=NN([O-])c1ccccc1,1
222,CCNc1nc(Cl)nc(NC(C)(C)C#N)n1,1
223,O=S(=O)([O-])NC1CCCCC1,0
224,N=c1ccn2c(n1)O[C@H]1[C@H](O)[C@@H](CO)O[C@H]12,0
225,O=C1CCCCC1,0
226,NC1CCCCC1,0
227,ON=C1CCCC1,1
228,COc1ccc(C(=O)Nc2c(Cl)cncc2Cl)cc1OC1CCCC1,1
229,O=P1(N(CCCl)CCCl)NCCCO1,1
230,N[C@@H](CS)C(=O)O,0
231,COc1ccc(C(=O)/C(Br)=C\C(=O)[O-])cc1,1
232,CN(C)N/N=C1\N=CN=C1C(N)=O,1
233,CN(C)NC(=O)CCC(=O)O,1
234,Nc1ccc(S(=O)(=O)c2ccc(N)cc2)cc1,1
235,Clc1ccc(C(c2ccc(Cl)cc2)C(Cl)Cl)cc1,0
236,ClC(Cl)=C(c1ccc(Cl)cc1)c1ccc(Cl)cc1,0
237,Clc1ccc(C(c2ccc(Cl)cc2)C(Cl)(Cl)Cl)cc1,1
238,CC(=O)OCC(=O)[C@@]12N=C(C)O[C@@H]1C[C@H]1[C@@H]3CCC4=CC(=O)C=C[C@]4(C)[C@H]3[C@@H](O)C[C@@]12C,1
239,C[C@]12CC[C@H](O)CC1=CC[C@@H]1[C@@H]2CC[C@]2(C)C(=O)CC[C@@H]12,1
240,CC(=O)O[C@H]1CC[C@@]2(C)C(=CC[C@@H]3[C@@H]2CC[C@]2(C)C(=O)CC[C@@H]32)C1,1
241,CC1(C)[C@H](C(=O)O[C@H](C#N)c2cccc(Oc3ccccc3)c2)[C@@H]1C=C(Br)Br,0
242,COC(=O)[C@H]1[C@H]2C[C@@H]3c4[nH]c5ccccc5c4CCN3C[C@H]2C[C@@H](OC(=O)c2cc(OC)c(OC)c(OC)c2)[C@@H]1OC,0
243,C[C@@H]1C[C@H]2[C@@H]3CCC4=CC(=O)C=C[C@]4(C)[C@@]3(F)[C@@H](O)C[C@]2(C)[C@@]1(O)C(=O)CO,0
244,CC(=O)N(C(C)=O)c1cccc2c1Cc1ccccc1-2,1
245,C=CCOC(=O)c1ccccc1C(=O)OCC=C,0
246,C=CCN(CC=C)N=O,1
247,Nc1nc(N)nc(-c2ccc([N+](=O)[O-])o2)n1,1
248,Nc1ccc(/C=C/c2ccc(N)cc2S(=O)(=O)[O-])c(S(=O)(=O)[O-])c1,0
249,COc1ccc(N)cc1N,1
250,Nc1ccc(O)c(N)c1,0
251,Cc1ccc(N)cc1N,1
252,Cc1c(N)cccc1N,0
253,Cc1cc(N)ccc1N,0
254,CN1C(=O)CN=C(c2ccccc2)c2cc(Cl)ccc21,0
255,CCOP(=S)(OCC)Oc1cc(C)nc(C(C)C)n1,0
256,N#[N+]c1cc(CCN)ccc1[O-],1
257,c1ccc2c(c1)Oc1ccccc1O2,0
258,Nc1ccc2c(c1)oc1ccccc12,1
259,C/C(=C(\CCOC(=O)c1ccccc1)SC(=O)c1ccccc1)N(C=O)Cc1cnc(C)nc1N,0
260,ClCC(Br)CBr,1
261,O[C@H]([C@H](O)[C@@H](O)CBr)[C@H](O)CBr,1
262,O[C@@H]([C@H](O)[C@@H](O)CBr)[C@@H](O)CBr,1
263,Brc1cc(Br)c2cccnc2c1,0
264,CCCCNC(=O)N(CCCC)N=O,1
265,CCCC[Sn](CCCC)(OC(C)=O)OC(C)=O,0
266,Nc1cc(Cl)c(N)c(Cl)c1,0
267,Clc1ccccc1Cl,0
268,Clc1ccc(Cl)cc1,1
269,Nc1ccc(-c2ccc(N)c(Cl)c2)cc1Cl,1
270,ClC/C=C/CCl,1
271,Clc1ccc2c(c1)Oc1ccc(Cl)cc1O2,0
272,O=S(=O)(c1ccc(Cl)cc1)c1ccc(Cl)cc1,0
273,Oc1ccc(Cl)cc1Cl,0
274,O=C(O)COc1ccc(Cl)cc1Cl,0
276,COP(=O)(OC)OC=C(Cl)Cl,1
277,OC(c1ccc(Cl)cc1)(c1ccc(Cl)cc1)C(Cl)(Cl)Cl,0
278,S=C(NC1CCCCC1)NC1CCCCC1,0
279,C1C2OC2C2C1C1CC2C2OC12,0
280,ClC1=C(Cl)[C@]2(Cl)[C@@H]3[C@@H]4C[C@@H]([C@H]5O[C@@H]45)[C@@H]3[C@@]1(Cl)C2(Cl)Cl,0
281,ClC1C2(Cl)C3C4C5OC5C5C4C1(Cl)C(Cl)(C53)C2(Cl)Cl,0
282,C1OC1C1CO1,0
283,CCN(CC)c1ccc(N=Nc2cc[n+]([O-])cc2)cc1,1
284,CCN(CC)C(=O)c1cccc(C)c1,0
285,CCOP(=S)(OCC)Oc1nc(Cl)c(Cl)cc1Cl,0
286,CCN(CC)C(C)=O,1
287,CCC(CC)C(=O)NC(N)=O,0
288,CCN(CC)CC#CC(C)(C)OC(=O)C(O)(c1ccccc1)C1CCCCC1,0
289,OCCOCCO,1
290,CCN(C=O)CC,0
291,CCOC(=O)/C=C\C(=O)OCC,0
293,CCNC(=S)NCC,1
294,NCCCC(N)(C(=O)O)C(F)F,0
295,c1cc(OCC2CO2)cc(OCC2CO2)c1,1
296,NC1=NCN([C@@H]2O[C@H](CO)[C@@H](O)[C@H]2O)C(=O)N1,0
297,O=C1NC(c2ccc([N+](=O)[O-])s2)Nc2ccccc21,1
298,O=NN1CC=CCO1,1
299,O=C1CCc2ccccc2O1,1
300,CCCc1ccc2c(c1)OCO2,1
301,C=C1CC[C@H](O)C/C1=C/C=C1\CCC[C@]2(C)[C@@H]([C@H](C)CC[C@@H](O)C(C)(C)O)CC[C@@H]12,0
302,CC(C)CCCCCCOC(=O)c1ccccc1C(=O)OCCCCCCC(C)C,1
303,C[C@H](CCc1ccccc1)NC[C@H](O)c1ccc(O)c(C(N)=O)c1,0
304,CC1(C)OC(=O)NC1=O,0
305,CNC(=O)CSP(=S)(OC)OC,0
306,COc1ccc(OC)c(/C=C/c2ccc(N)cc2)c1,1
307,COc1ccc(N)c(OC)c1,0
308,COc1cc(-c2ccc(N=C=O)c(OC)c2)ccc1N=C=O,1
309,COc1cc(-c2ccc(N)c(OC)c2)ccc1N,1
310,COc1cc(OC)c2c3c(c(=O)oc2c1)CCC3,0
311,COc1cc(OC)c2c3c(c(=O)oc2c1)CCC3=O,0
312,COc1cc(OC)c2c3c(c(=O)oc2c1)C(=O)CC3,0
313,COc1cc(O)c2c(=O)c3c(OC)cc4c(c3oc2c1OC)C1C=COC1O4,1
314,COP(=S)(OC)SCCNC(C)=O,0
315,CN(C)c1ccc(N=Nc2ccccc2)cc1,1
316,CN(N=O)C(=O)c1ccccc1C(=O)N(C)N=O,0
317,COP(C)(=O)OC,1
318,COP(=O)(OC)N1CCOCC1,1
319,Cc1cc(C)nc(-c2ccc([N+](=O)[O-])o2)n1,1
320,Cc1ncc([N+](=O)[O-])n1C,1
321,COC(=O)c1ccc(C(=O)OC)cc1,0
322,CC(=O)N(C)C,0
323,CC[C@H](OC(C)=O)C(C[C@H](C)N(C)C)(c1ccccc1)c1ccccc1,1
324,CCC(=O)C(CC(C)N(C)C)(c1ccccc1)c1ccccc1,0
325,CN(C)CNc1nnc(/C=C/c2ccc([N+](=O)[O-])o2)o1,1
326,CC[NH2+]C(=O)N(CCN(C)C)N=O,1
327,Cc1cccc(C)c1N,0
328,CN(C)c1ccccc1,1
329,CC1(C)C(=O)NC(=O)NC1=O,0
330,Cc1cc(-c2ccc(N)c(C)c2)ccc1N,1
331,CCCCCCCCCCCC[N+](C)(C)[O-],0
332,CN(C)C=O,0
333,CN(C)Nc1nc(-c2ccc([N+](=O)[O-])o2)cs1,1
334,CNC(=S)NC,0
335,CC(C)=CCl,1
336,CC(C)(C)c1cc([N+](=O)[O-])cc([N+](=O)[O-])c1OS(C)(=O)=O,0
337,CN(N=O)C(=O)c1c(N(C)N=O)ncn1C,1
338,O=NN1CCCN(N=O)CC1,1
339,O=NN1CN2CN(C1)CN(N=O)C2,0
340,Cc1c([N+](=O)[O-])cccc1[N+](=O)[O-],1
341,C1COCCO1,1
342,CCOP(=S)(OCC)SC1OCCOC1SP(=S)(OCC)OCC,0
343,CCCCCN(CCCCC)N=O,1
344,CN(C)CCOC(c1ccccc1)c1ccccc1,0
345,c1ccc(Nc2ccc(Nc3ccccc3)cc2)cc1,0
346,O=C1NC(=O)C(c2ccccc2)(c2ccccc2)N1,0
347,CCCN(CCC)c1ccc(N=Nc2cc[n+]([O-])cc2)cc1,0
348,CCC(O)OC(O)CC,0
349,Cc1c(N(C)CS(=O)(=O)[O-])c(=O)n(-c2ccccc2)n1C,0
350,O=c1nc[nH]c2c1ncn2[C@@H]1O[C@H](COP(=O)([O-])[O-])[C@@H](O)[C@H]1O,0
351,CCCCCCCCCCCCC(=O)COC1=C(O)C(=O)O[C@@H]1[C@@H](O)CO,0
352,NC(Cc1ccc(O)c(O)c1)C(=O)O,0
353,NCCc1ccc(O)c(O)c1,0
354,O=C1C(O)N=C(c2ccccc2F)c2cc(Cl)ccc2N1CCO,0
355,CN(C)CCOC(C)(c1ccccc1)c1ccccn1,1
356,O=C([O-])CN(CCN(CC(=O)[O-])CC(=O)O)CC(=O)[O-],0
357,CC1=C(C(=O)OCCN(Cc2ccccc2)c2ccccc2)C(c2cccc([N+](=O)[O-])c2)C(P2(=O)OCC(C)(C)CO2)=C(C)N1,0
358,O=c1oc2c(O)c(O)cc3c(=O)oc4c(O)c(O)cc1c4c23,0
359,Cc1cc(O)c2c(c1)C(=O)c1cc(O)cc(O)c1C2=O,0
360,O=S1OCC2C(CO1)C1(Cl)C(Cl)=C(Cl)C2(Cl)C1(Cl)Cl,0
361,ClC1=C(Cl)[C@]2(Cl)[C@@H]3[C@H]4C[C@H]([C@@H]5O[C@H]45)[C@@H]3[C@@]1(Cl)C2(Cl)Cl,0
362,CN[C@@H](C)[C@H](O)c1ccccc1,0
363,ClCC1CO1,1
364,CCC1CO1,1
365,O=C1O[C@H]([C@H](O)C[O-])C(O)=C1O,0
366,CC[C@H]1OC(=O)[C@H](C)[C@@H](O[C@H]2C[C@@](C)(OC)[C@@H](O)[C@H](C)O2)[C@H](C)[C@@H](O[C@@H]2O[C@H](C)C[C@H]([NH+](C)C)[C@H]2O)[C@](C)(O)C[C@@H](C)C(=O)[C@H](C)[C@@H](O)[C@]1(C)O,0
367,Clc1ccc2c(c1)C(c1ccccc1)=NCc1nncn1-2,0
368,C[C@]12CC[C@@H]3c4ccc(OC(=O)Cc5ccc(N(CCCl)CCCl)cc5)cc4CC[C@H]3[C@@H]1CC[C@@H]2OC(=O)Cc1ccc(N(CCCl)CCCl)cc1,0
369,C#C[C@]1(O)CC[C@H]2[C@@H]3CCc4cc(O)ccc4[C@H]3CC[C@@]21C,1
370,CCc1cc(C(N)=S)ccn1,0
371,CCSCC[C@H](N)C(=O)O,1
372,CCSCCC(N)C(=O)O,1
373,CCOc1ccc(NC(N)=O)cc1,1
374,CCOc1ccc2c(c1)C(C)=CC(C)(C)N2,0
375,C=CC(=O)OCC,1
376,CCN=[N+]([O-])CC,1
377,CC[N+]([O-])=NC,1
378,CCSC[C@H](N)C(=O)O,0
379,CCc1ccc(C(c2ccc(CC)cc2)C(Cl)Cl)cc1,0
380,CCOC(=O)C1OC1(C)c1ccccc1,0
381,CCN(N=O)C(N)=O,1
382,CCOC1=C(O)C(=O)O[C@@H]1[C@@H](O)CO,0
383,CCc1ccccc1,1
384,S=C1NCCN1,1
385,C1CC2OC2CC1C1CO1,0
386,CCCCC(CC)CO,0
387,CCCCC(CC)COC(=O)CCCCC(=O)OCC(CC)CCCC,0
388,CCCCC(CC)COC(=O)c1ccccc1C(=O)OCC(CC)CCCC,1
389,CCN(N=O)C(=O)NCCO,1
390,CCN(N=O)C(=O)NCC(C)=O,1
391,CCN(C#N)N=O,1
392,CCC(C(=O)NC(N)=O)c1ccccc1,0
393,C#C[C@]1(OC(C)=O)CC[C@H]2[C@@H]3CCC4=C[C@@H](OC(C)=O)CC[C@@H]4[C@H]3CC[C@@]21C,0
394,CCc1cccc2c3c([nH]c12)C(CC)(CC(=O)O)OCC3,0
395,C=CCc1ccc(O)c(OC)c1,0
396,N#Cc1ccc(C2CCCc3cncn32)cc1,0
397,CN(C)c1ccc(N=NS(=O)(=O)[O-])cc1,0
398,COP(=S)(OC)Oc1ccc(SC)c(C)c1,0
399,CC(C)C(C(=O)OC(C#N)c1cccc(Oc2ccccc2)c1)c1ccc(Cl)cc1,0
400,O=C(NCC1CCCCN1)c1cc(OCC(F)(F)F)ccc1OCC(F)(F)F,0
401,OC(Cn1cncn1)(Cn1cncn1)c1ccc(F)cc1F,1
402,CN(C)C(=O)Nc1cccc(C(F)(F)F)c1,0
403,O=C(Nc1ccc2c(c1)Cc1ccccc1-2)C(F)(F)F,1
404,CC(=O)Nc1ccc(-c2ccc(F)cc2)cc1,1
405,NC(=O)N(CCF)N=O,1
406,O=c1[nH]cc(F)c(=O)[nH]1,0
407,CNCCC(Oc1ccc(C(F)(F)F)cc1)c1ccccc1,0
408,CC(C)n1c(/C=C/[C@@H](O)C[C@@H](O)CC(=O)O)c(-c2ccc(F)cc2)c2ccccc21,1
409,O=CNNc1nc(-c2ccco2)cs1,0
410,Cc1csc(NNC=O)n1,1
411,O=CNNc1nc(-c2ccc([N+](=O)[O-])o2)cs1,1
412,CCCC[C@H](C)[C@@H](OC(=O)C[C@H](CC(=O)O)C(=O)O)[C@@H](C[C@H](C)C[C@@H](O)CCCC[C@@H](O)C[C@H](O)[C@H](C)N)OC(=O)C[C@H](CC(=O)O)C(=O)O,1
413,NC(=O)N/N=C/c1ccco1,0
414,c1ccoc1,1
415,O=Cc1ccco1,1
416,OCc1ccco1,1
417,NS(=O)(=O)c1cc(C(=O)O)c(NCc2ccco2)cc1Cl,0
418,CC(=O)O[C@@H]1[C@@H](O)C2OC3C=C(C)C(=O)C(O)[C@@]3(CO)[C@]1(C)[C@]21CO1,0
419,O=C(O)c1cc(O)c(O)c(O)c1,0
420,CC(C)(CO)CCCCCCC(C)(C)CO,0
421,Cc1ccc(C)c(OCCCC(C)(C)C(=O)O)c1,1
422,CC(=O)OC/C=C(\C)CCC=C(C)C,0
423,Cc1cccn2c1nc1ccc(N)nc12,1
424,Nc1ccc2nc3ccccn3c2n1,1
425,O=CCCCC=O,0
426,OCC(O)CCl,0
427,O=CC1CO1,0
428,OCC1CO1,1
429,CC1(C)[C@@H](O)CC[C@]2(C)[C@H]3C(=O)C=C4[C@@H]5C[C@@](C)(C(=O)O)CC[C@]5(C)CC[C@@]4(C)[C@]3(C)CC[C@@H]12,0
430,CCN(Cc1cccc(S(=O)(=O)[O-])c1)c1ccc(C(=C2C=CC(=[N+](CC)Cc3cccc(S(=O)(=O)[O-])c3)C=C2)c2ccccc2)cc1,1
431,CCN(Cc1cccc(S(=O)(=O)[O-])c1)c1ccc(C(=C2C=CC(=[N+](CC)Cc3cccc(S(=O)(=O)[O-])c3)C=C2)c2ccc(S(=O)(=O)[O-])cc2)cc1,1
432,CCN(Cc1cccc(S(=O)(=O)[O-])c1)c1ccc(C(=C2C=CC(=[N+](CC)Cc3cccc(S(=O)(=O)[O-])c3)C=C2)c2ccc(O)cc2S(=O)(=O)[O-])cc1,0
433,Clc1cc2c(c(Cl)c1Cl)Oc1c(cc(Cl)c(Cl)c1Cl)O2,1
434,Oc1cc2c(cc1O)[C@H]1c3ccc(O)c(O)c3OC[C@@]1(O)C2,1
435,ClC1=C(Cl)C2(Cl)C3C(Cl)C=CC3C1(Cl)C2(Cl)Cl,0
436,C1CCCNCCC1,0
437,CCCCCCCN,0
438,Clc1c(Cl)c(Cl)c(Cl)c(Cl)c1Cl,1
439,ClC(Cl)=C(Cl)C(Cl)=C(Cl)Cl,1
441,Oc1c(Cl)cc(Cl)c(Cl)c1Cc1c(O)c(Cl)cc(Cl)c1Cl,0
442,C/C=C/C=C/C=O,1
443,C1N2CN3CN1CN(C2)C3,0
444,OCN(CO)c1nc(N(CO)CO)nc(N(CO)CO)n1,1
445,CN(C)P(=O)(N(C)C)N(C)C,1
446,CCCCCC(N)=O,0
447,CCCCCC,0
448,CCCCCCOc1cc(C)c(O)c(C)c1C,0
449,CCCCCCN(N=O)C(N)=O,1
450,CCCCCCc1ccc(O)cc1O,0
451,N[C@@H](Cc1cnc[nH]1)C(=O)O,0
452,NNc1nc(-c2ccc(N)cc2)cs1,1
453,NNc1nc(-c2ccc([N+](=O)[O-])o2)cs1,1
454,NNc1nc(-c2ccc([N+](=O)[O-])cc2)cs1,1
455,NNc1nc(-c2ccccc2)cs1,0
456,c1ccc(NNc2ccccc2)cc1,1
457,NS(=O)(=O)c1cc2c(cc1Cl)NCNS2(=O)=O,0
458,C[C@]12CCC(=O)C=C1CC[C@@H]1[C@@H]2[C@@H](O)C[C@@]2(C)[C@H]1CC[C@]2(O)C(=O)CO,0
459,Oc1ccc(O)cc1,1
460,CC(=O)Nc1ccc(-c2ccccc2)cc1O,0
461,CC(=O)N(O)c1ccc2c(c1)Cc1ccccc1-2,1
462,Nc1ccc(-c2ccccc2)cc1O,0
463,O=C1c2ccccc2C(=O)c2c(O)cccc21,1
464,O=C1N(CCO)CCN1/N=C/c1ccc([N+](=O)[O-])o1,1
465,CCNC(=O)N(CCO)N=O,1
466,NC(=O)N(CCO)N=O,1
467,O=[N+]([O-])c1ccc(-c2nc(NCCO)c3ccccc3n2)s1,1
468,NC(=O)N(CCCO)N=O,1
469,Oc1cccc2cccnc12,0
470,C=CC(O)c1ccc2c(c1)OCO2,1
471,CC(C)Cc1ccc(C(C)C(=O)O)cc1,0
472,CC(CN1CC(=O)NC(=O)C1)N1CC(=O)NC(=O)C1,1
473,NC(=O)CCCCn1ccc(NC(N)=NCC(F)(F)F)n1,1
474,CS(=O)(=O)OCCCNCCCOS(C)(=O)=O,0
475,O=C([O-])CNCC(=O)O,0
476,CC1(C)C(=O)Nc2ccc(C3=NNC(=O)CC3)cc21,1
477,COc1ccc2c(c1)c(CC(=O)O)c(C)n2C(=O)c1ccc(Cl)cc1,1
478,CC(I)C1OCC(CO)O1,1
479,CCN(CC)CCCNC(=O)Cn1ncc(-c2ccccc2)c1-c1ccccc1,0
480,Cn1c(N)nc2c3cccnc3ccc21,1
481,Nc1nc(N)nc(-c2cc(Cl)ccc2Cl)n1,0
482,C/C=C1/C[C@@H](C)[C@](O)(CO)C(=O)OCC2=CC[N+]3([O-])CC[C@@H](OC1=O)[C@@H]23,1
483,C=C(C)C,1
484,CC(C)CON=O,1
485,CC(C)CN(N=O)/C(N)=N/[N+](=O)[O-],0
486,CC(C)C=O,0
487,COc1cc(S(C)=O)ccc1-c1nc2ccncc2[nH]1,1
488,NNC(=O)c1ccncc1,1
489,CC1=CC(=O)CC(C)(C)C1,1
490,O=P1(NCCCl)OCCCN1CCCl,1
491,C=CC(=C)C,1
492,CC(C)O,0
493,CC(C)OC(=O)Nc1cccc(Cl)c1,0
494,CC[C@H](C)[C@H]1O[C@]2(CC[C@@H]1C)C[C@@H]1C[C@@H](C/C=C(\C)[C@@H](O[C@H]3C[C@H](OC)[C@@H](O[C@H]4C[C@H](OC)[C@@H](O)[C@H](C)O4)[C@H](C)O3)[C@@H](C)/C=C/C=C3\CO[C@@H]4[C@H](O)C(C)=C[C@@H](C(=O)O1)[C@]34O)O2,0
495,COC1[C@@H](O[C@@H]2O[C@H](C)[C@@H](O[C@H]3C[C@@](C)(O)[C@H](OC(=O)CC(C)C)[C@H](C)O3)[C@H](N(C)C)[C@H]2O)[C@@H](CC=O)C[C@@H](C)[C@@H](O)/C=C/C=C/C[C@@H](C)OC(=O)C[C@H]1OC(C)=O,0
496,O=c1c(O)c(-c2ccc(O)cc2)oc2cc(O)cc(O)c12,0
497,Clc1cc(Cl)cc(-c2cc(Cl)cc(Cl)c2)c1,0
498,O=C1C2(Cl)C3(Cl)C4(Cl)C(Cl)(Cl)C5(Cl)C3(Cl)C1(Cl)C5(Cl)C24Cl,1
499,CC(C(=O)O)c1cccc(C(=O)c2ccccc2)c1,0
500,C/C=C(/C)C(=O)O[C@H]1CCN2CC=C(COC(=O)[C@](O)([C@H](C)OC)C(C)(C)O)[C@H]12,1
501,CC(C)(C)NC[C@H](O)COc1cccc2c1CCCC2=O,0
502,C=C(C)[C@H]1CC=C(C)CC1,1
503,C[C@H](CCC(=O)O)[C@H]1CC[C@H]2[C@@H]3CC[C@@H]4C[C@H](O)CC[C@]4(C)[C@H]3CC[C@]12C,0
504,CC(Oc1c(Cl)cccc1Cl)C1=NCCN1,0
505,O=C(O)c1nn(Cc2ccc(Cl)cc2Cl)c2ccccc12,0
506,CN1C(C(=O)Nc2ccccn2)=C(O)c2sc(Cl)cc2S1(=O)=O,0
507,CC[C@H](C)C(=O)O[C@H]1C[C@@H](C)C=C2C=C[C@H](C)[C@H](CC[C@@H]3C[C@@H](O)CC(=O)O3)[C@H]21,0
508,Cn1nc(CO)nc1NCCCOc1cccc(CN2CCCCC2)c1,1
509,Cc1ccc(Cc2cnc(NCCSCc3ccc(CN(C)C)o3)[nH]c2=O)cn1,1
510,CCOC(=O)CC(SP(=O)(OC)OC)C(=O)OCC,0
511,CCOC(=O)CC(SP(=S)(OC)OC)C(=O)OCC,0
512,O=c1ccc(=O)[nH][nH]1,0
513,O=C/C=C/[O-],1
514,S=C([S-])NCCNC(=S)[S-],1
515,COC(=O)C1=C(C)NC(C)=C(C(=O)OCCN2CCN(C(c3ccccc3)c3ccccc3)CC2)C1c1cccc([N+](=O)[O-])c1,0
516,OC[C@@H](O)[C@@H](O)[C@H](O)[C@H](O)CO,0
517,O[C@@H]([C@H](O)[C@H](O)CNCCCl)[C@H](O)CNCCCl,0
518,Cc1cc2c(nc1[NH3+])[nH]c1ccccc12,1
519,Cc1cnc2ccc3c(nc(N)n3C)c2n1,1
520,Nc1nc(N)nc(N)n1,1
521,Cc1cnc(NC(=O)C2=C(O)c3ccccc3S(=O)(=O)N2C)s1,0
523,CC1CCC(C(C)C)C(O)C1,0
524,CCN(CC)CCOc1ccc(C(O)(Cc2ccc(OC)cc2)c2ccccc2)cc1,0
525,S=c1[nH]c2ccccc2s1,1
526,S=c1nc[nH]c2nc[nH]c12,0
527,CC1CN1P(=O)(N1CC1C)N1CC1C,1
528,C=C(C)C#N,0
529,CN(C)CCN(Cc1ccco1)c1ccccn1,0
530,CN(C)CCN(Cc1cccs1)c1ccccc1,0
531,CN(C)CCN(Cc1cccs1)c1ccccn1,1
532,Cn1cc[nH]c1=S,1
533,CSCCC(N)C(=O)O,0
534,CN(Cc1cnc2nc(N)nc(N)c2n1)c1ccc(C(=O)N[C@@H](CCC(=O)O)C(=O)O)cc1,0
535,COc1cc2c(cc1N)oc1ccccc12,1
536,COc1cccc(O)c1O,1
537,COc1ccc(C(c2ccc(OC)cc2)C(Cl)(Cl)Cl)cc1,0
538,COc1ccc(O)cc1,1
540,CCN=[N+](C)[O-],1
541,COC(C)(C)C,1
542,Cc1cc(Cl)ccc1OCC(=O)O,0
543,COC(=O)C(C)(C)Oc1ccc(-c2ccc(Cl)cc2)cc1,1
544,Cc1cccc(N=Nc2ccc(N(C)C)cc2)c1,1
545,CN(N=O)c1ccc(N=O)cc1,1
546,CCCCCC(/C=C/C=C\CCCCCCCC(=O)OC)OO,0
547,CCCCC/C=C\C/C=C\CCCCCCCC(=O)OC,0
549,Cc1ccc2c(c1[N+](=O)[O-])C(=O)c1ccccc1C2=O,1
550,CC1CN(/N=C/c2ccc([N+](=O)[O-])o2)C(=O)N1,1
551,CN(N=O)c1ccc(/C=C/c2ccnc3ccccc23)cc1,1
552,CN(N=O)C(=O)c1ccccc1,1
553,CN(N=O)C(=O)NCCC[C@H](N)C(=O)O,1
554,C[C@@H]1CCCCN1N=O,1
555,C[C@H]1CCCCN1N=O,1
556,COP(=S)(OC)Oc1ccc([N+](=O)[O-])cc1,0
557,CN1CCCC1=O,0
558,CC(O)c1ccccc1,1
559,Cc1ccc(O)c(O)c1,1
560,Cc1ccc2cc3c(ccc4ccccc43)c3c2c1CC3,1
561,C[C@](N)(Cc1ccc(O)c(O)c1)C(=O)O,0
562,CNCCc1ccc(OC(=O)C(C)C)c(OC(=O)C(C)C)c1,0
563,Cc1cc(Cc2ccc(N)c(C)c2)ccc1N,1
564,CN(C)c1ccc(Cc2ccc(N(C)C)cc2)cc1,1
565,Cc1cc(Cc2cc(C)cc(C(C)(C)C)c2O)c(O)c(C(C)(C)C)c1,0
566,Nc1ccc(Cc2ccc(N)cc2)cc1,1
567,CC/C(C)=N/O,1
568,C=CCc1ccc(OC)c(OC)c1,1
569,Cn1cnc2[nH]c(N)nc(=O)c21,0
570,Cc1cc(O)ccc1O,0
571,Cc1ncc[nH]1,1
572,CN(CCCC(O)c1cccnc1)N=O,1
573,CN(CCCC(=O)c1cccnc1)N=O,1
574,C=CC(=O)NCO,0
575,COC(=O)C(c1ccccc1)C1CCCCN1,0
576,Cc1ccc2ncccc2c1,0
577,Cc1cccc2cccnc12,0
578,Cc1ccc2c(c1)C(N1CCN(C)CC1)=Nc1ccccc1S2,0
579,Cc1ncc([N+](=O)[O-])n1CCO,1
580,CNC(=O)Oc1cc(C)c(N(C)C)c(C)c1,0
581,CN(C)c1ccc(C(=O)c2ccc(N(C)C)cc2)cc1,1
582,ClC1(Cl)C2(Cl)C3(Cl)C4(Cl)C(Cl)(Cl)C5(Cl)C3(Cl)C1(Cl)C5(Cl)C24Cl,1
583,ClC1(Cl)C2(Cl)C3C4(Cl)C1(Cl)C1(Cl)C4(Cl)C(Cl)(Cl)C3(Cl)C21Cl,1
584,CCCCC(C)(O)C/C=C/[C@H]1[C@H](O)CC(=O)[C@@H]1CCCCCCC(=O)OC,0
585,CO[C@@]12[C@H](COC(N)=O)C3=C(C(=O)C(C)=C(N)C3=O)N1C[C@@H]1N[C@@H]12,1
586,C[C@H]1C(=O)O[C@@H]2CCN3CC=C(COC(=O)[C@](C)(O)[C@]1(C)O)[C@H]23,1
587,CNC(=O)c1c(N(C)N=O)ncn1C,1
588,N[C@@H](CC(=O)O)C(=O)[O-],0
589,N[C@@H](CCC(=O)O)C(=O)[O-],0
590,O=C([O-])CCC(=O)O,0
591,O=[N+]([O-])c1ccc(-c2nc(N3CCOCC3)c3ccccc3n2)s1,1
592,O=C1O[C@@H](CN2CCOCC2)CN1/N=C/c1ccc([N+](=O)[O-])o1,1
594,CC(C)(Oc1ccc(C2CCCc3ccccc32)cc1)C(=O)O,1
595,CCn1cc(C(=O)O)c(=O)c2ccc(C)nc21,1
596,c1ccc2ccccc2c1,1
597,Nc1cccc2c(N)cccc12,1
598,NCCNc1cccc2ccccc12,0
600,Cc1cccc(C)c1NC(=O)CN1CCCC1=O,0
601,CN1CCC[C@H]1c1cccnc1,0
602,CCNC(=O)Nc1ncc([N+](=O)[O-])s1,1
603,O=C(O)CN(CC(=O)O)CC(=O)O,1
604,O=C([O-])CN(CC(=O)[O-])CC(=O)[O-],1
605,CCOc1ccc(NC(C)=O)cc1[N+](=O)[O-],0
606,COc1ccc([N+](=O)[O-])cc1N,1
607,NC(=O)N/N=C/c1ccc([N+](=O)[O-])o1,1
608,N/C(=N\O)c1ccc([N+](=O)[O-])o1,0
609,CC(=O)OC(OC(C)=O)c1ccc([N+](=O)[O-])o1,0
610,O=[N+]([O-])c1ccc(-c2cnc3ccccn23)o1,1
611,O=c1[nH]nc(-c2ccc([N+](=O)[O-])o2)o1,1
612,CC(=O)NCc1nc(-c2ccc([N+](=O)[O-])o2)no1,1
613,CC(=O)Nc1nnc(-c2ccc([N+](=O)[O-])o2)s1,1
614,O=[N+]([O-])c1ccc(-c2cscn2)o1,1
615,CC(=O)Nc1nc(-c2ccc([N+](=O)[O-])o2)cs1,1
616,O=CNc1nc(-c2ccc([N+](=O)[O-])o2)cs1,1
617,CC(=O)Nc1nc(NC(C)=O)nc(-c2ccc([N+](=O)[O-])o2)n1,1
618,CC/C=C(/CC)[N+](=O)[O-],1
619,Nc1ccc(N)c([N+](=O)[O-])c1,0
620,Nc1ccc([N+](=O)[O-])cc1N,0
621,Cc1ccc([N+](=O)[O-])cc1N,0
622,O=[N+]([O-])c1ccc2c3c(cccc13)CC2,1
623,Nc1ccc([N+](=O)[O-])cc1,0
624,COc1ccccc1[N+](=O)[O-],1
625,Nc1cc([N+](=O)[O-])ccc1C(=O)O,0
626,O=[N+]([O-])c1ccccc1,1
627,O=[N+]([O-])c1ccc2nc[nH]c2c1,0
628,O=C(O)c1ccc([N+](=O)[O-])cc1,1
629,CCCC[N+](=O)[O-],0
630,CCC(C)[N+](=O)[O-],1
631,O=[N+]([O-])c1ccc(Oc2ccc(Cl)cc2Cl)cc1,1
632,O=[N+]([O-])c1ccc2c(c1)Cc1ccccc1-2,1
633,O=C1CN(/N=C/c2ccc([N+](=O)[O-])o2)C(=O)N1,1
634,O=C1NCCN1/N=C/c1ccc([N+](=O)[O-])o1,1
635,CN(CCCl)CCCl,1
636,C[N+]([O-])(CCCl)CCCl,1
637,O=[N+]([O-])c1cccc2ccccc12,0
638,CCC(CC)[N+](=O)[O-],1
639,CCC[N+](=O)[O-],0
640,CC(C)[N+](=O)[O-],0
641,O=C(O)CC[N+](=O)[O-],0
642,O=[N+]([O-])c1ccc2ccc3cccc4ccc1c2c34,1
643,O=[N+]([O-])c1ccc2ncccc2c1,0
644,O=[N+]([O-])c1cccc2cccnc12,1
645,CC(C)Oc1ccccc1OC(=O)N(C)N=O,1
646,O=NN(CCCC(F)(F)F)CCCC(F)(F)F,1
647,CC1CN(N=O)C(=O)NC1=O,0
648,O=NN1CCC(=O)NC1=O,1
649,CC(O)CN(CC(O)CO)N=O,1
650,CC(=O)CN(CC(O)CO)N=O,1
651,O=NN(CCO)CC(O)CO,1
652,CC1CN(N=O)CC(C)N1C(=O)c1ccccc1,1
653,O=NN(CCO)C(=O)NCCCl,1
654,O=NN1CCOC(O)C1,0
655,CC(O)CN(N=O)C(=O)NCCCl,1
656,CC(O)CN(CCO)N=O,1
657,O=NN1CCC(O)C1,1
658,CC(C)CN(N=O)C(N)=O,1
659,CCCCCCCCCCCCN(C)N=O,1
660,CN(N=O)c1ccc(F)cc1,1
661,CN(N=O)c1ccc([N+](=O)[O-])cc1,0
662,CN(CCc1ccccc1)N=O,1
663,CCCCCCCCCCCCCCN(C)N=O,1
664,CCCCCCCCCCN(C)N=O,1
665,O=NN1CCOC1=O,1
666,CC(=O)CN(CCO)N=O,1
667,O=NN1CCCN(N=O)C1,1
668,O=NN1CC=CCC1,1
669,CCN(CC(F)(F)F)N=O,1
670,CC1=CC(C)(C)N(N=O)c2ccccc21,1
671,CC1CN(N=O)CC(C)N1C,1
672,C=CCN(CC(O)CO)N=O,1
673,C=CCN(CC(C)O)N=O,1
674,C=CCN(CC(C)=O)N=O,1
675,C=CCN(CCO)N=O,1
676,CCCCCN(N=O)C(=O)OCC,1
677,O=NN1CCCCC1c1cccnc1,1
678,CN(N=O)C(=O)Nc1nc2ccccc2s1,1
679,CC(O)CN(CC(C)O)N=O,1
680,CC(=O)CN(CC(C)=O)N=O,1
681,O=NN(CC(F)(F)F)CC(F)(F)F,0
682,Cc1[nH]cnc1CSCCN=C(NC#N)N(C)N=O,0
683,CCCCN(CCCC)N=O,1
684,O=NN(CCO)CCO,1
685,CCN(CC)N=O,1
686,O=NN(c1ccccc1)c1ccccc1,1
687,O=Nc1ccc(Nc2ccccc2)cc1,1
688,CCCN(CCC)N=O,1
689,O=NN1CSCSC1,0
690,O=NN1CCCCCCCCCCCC1,1
691,CC(C(O)c1ccccc1)N(C)N=O,1
692,CCN(C)N=O,1
693,CCOC(=O)N(CC)N=O,1
694,COC(=O)C1=CCCN(N=O)C1,0
695,O=NN1CCCCCCC1,1
696,O=NN1CC(=O)NC1=O,1
697,O=NN1C[C@H](O)C[C@H]1C(=O)O,0
698,O=NN(CC(=O)O)CC(=O)O,0
699,CN(CCCC(=O)O)N=O,1
700,CN(CC(O)CO)N=O,1
701,CN(CCO)N=O,1
702,CN(CCCO)N=O,1
703,CC(O)CN(C)N=O,1
704,CC(=O)CN(C)N=O,1
705,Cc1ccc(S(=O)(=O)OCCN(C)N=O)cc1,1
706,CN(N=O)c1ccccn1,1
707,CN(N=O)c1cccnc1,0
708,CN(N=O)c1ccncc1,0
709,CN(N=O)c1ccccc1,1
710,CCCCCCCCCCCN(C)N=O,1
711,O=NN1CCOCC1,1
712,O=NN1CCCC1c1cccnc1,1
713,O=NN1CCCC1c1ccc[n+]([O-])c1,1
714,O=NN1CCCCC1C(=O)O,0
715,O=NN1CCNCC1,1
716,O=NN1CCCCC1,1
717,O=NN1CCC[C@H]1C(=O)O,0
718,O=NN1CCCC1,1
719,CC1SC(C)N(N=O)C(C)S1,1
720,O=NN1CCSCC1,1
721,Cc1ccccc1N=O,1
722,Cc1ccccc1[N+](=O)[O-],1
723,Cc1ccc([N+](=O)[O-])cc1,1
724,c1ccc2c(c1)[nH]c1cnccc12,0
725,C#C[C@]1(OC(C)=O)CC[C@H]2[C@@H]3CCC4=CC(=O)CC[C@@H]4[C@H]3CC[C@@]21C,1
726,O=C(OOC(=O)c1ccccc1)c1ccccc1,0
727,C[C@@H]1Cc2c(Cl)cc(C(=O)N[C@@H](Cc3ccccc3)C(=O)O)c(O)c2C(=O)O1,1
728,ClC(Cl)=C(Cl)c1c(Cl)c(Cl)c(Cl)c(Cl)c1Cl,0
729,CCCCCCCC/C=C\CCCCCCCC(=O)[O-],0
730,Cc1c(-c2cnccn2)ssc1=S,0
731,COc1ccc2nc(S(=O)Cc3ncc(C)c(OC)c3C)[nH]c2c1,1
732,O=[N+]([O-])c1ccc(Nc2ccc(Nc3ccccc3)c(S(=O)(=O)[O-])c2)c([N+](=O)[O-])c1,1
733,O=C1C=Cc2cc(S(=O)(=O)[O-])cc(S(=O)(=O)[O-])c2/C1=N/Nc1ccccc1,0
734,O=C([O-])c1cc(=O)[nH]c(=O)[nH]1,0
735,COc1cc(/C=C/C(=O)O[C@H]2CC[C@]34C[C@]35CC[C@]3(C)[C@@H]([C@H](C)CCC=C(C)C)CC[C@@]3(C)[C@@H]5CC[C@H]4C2(C)C)ccc1O,0
736,CNCc1ccc(CSCCNC(=NCC(O)c2ccc(O)cc2)NS(C)(=O)=O)o1,0
737,CNC(=O)O/N=C(\SC)C(=O)N(C)C,0
738,O=C1Nc2ccc(Cl)cc2C(c2ccccc2)=NC1O,0
739,CC(=O)Nc1ccc2c(c1)C(=O)c1ccccc1-2,1
740,CCn1cc(C(=O)O)c(=O)c2cc3c(cc21)OCO3,1
741,CC(=O)CN(N=O)C(=O)NCCCl,0
742,CC(=O)CN(N=O)C(N)=O,0
743,C=CC(=O)c1ccc2c(c1)OCO2,0
744,C=CCOc1ccccc1OCC(O)CNC(C)C,0
745,Nc1ccc(Oc2ccc(N)cc2)cc1,1
746,S=C(SN1CCOCC1)N1CCOCC1,1
747,C[C@]12C/C(=C/O)C(=O)C[C@@H]1CC[C@@H]1[C@@H]2CC[C@@]2(C)[C@H]1CC[C@]2(C)O,1
748,CN(C)[C@@H]1C(=O)C(C(N)=O)=C(O)[C@@]2(O)C(=O)C3=C(O)c4c(O)cccc4[C@@](C)(O)[C@H]3[C@H](O)[C@@H]12,0
749,COC(=O)C1=C(C)NC(C)=C(C(=O)OCC(C)(C)CN(C)Cc2ccccc2)C1c1cc([N+](=O)[O-])ccc1F,0
750,CCOP(=S)(OCC)Oc1ccc([N+](=O)[O-])cc1,0
751,O=C1C=C2C(=CCOC2O)O1,0
752,CC1(C)S[C@@H]2[C@H](NC(=O)COc3ccccc3)C(=O)N2[C@H]1C(=O)[O-],0
753,COc1c(Cl)c(Cl)c(Cl)c(Cl)c1Cl,1
754,O=[N+]([O-])c1c(Cl)c(Cl)c(Cl)c(Cl)c1Cl,0
755,O=[N+]([O-])OCC(CO[N+](=O)[O-])(CO[N+](=O)[O-])CO[N+](=O)[O-],0
756,CCCCCN(N=O)/C(N)=N/[N+](=O)[O-],0
757,C1CCC(C(CC2CCCCN2)C2CCCCC2)CC1,0
758,C[C@@H]1CC2(O[C@@H]2C)C(=O)O[C@@H]2CCN(C)CC=C(COC(=O)[C@]1(C)O)C2=O,1
760,Cc1cc(=O)n(-c2ccccc2)n1C,1
761,Nc1ccc(N=Nc2ccccc2)c(N)n1,1
762,CC(C)CCC[C@@H](C)[C@H]1CC[C@H]2[C@@H]3CC=C4C[C@@H](OC(=O)Cc5ccc(N(CCCl)CCCl)cc5)CC[C@]4(C)[C@H]3CC[C@]12C,1
763,S=C=NCCc1ccccc1,0
764,NC(N)=NC(N)=NCCc1ccccc1,0
765,CCC1(c2ccccc2)C(=O)NC(=O)NC1=O,0
766,CCC1(c2ccccc2)C(=O)N=C([O-])NC1=O,1
767,Oc1ccccc1,0
768,O=C1OC(c2ccc(O)cc2)(c2ccc(O)cc2)c2ccccc21,1
769,CC(COc1ccccc1)N(CCCl)Cc1ccccc1,1
770,CN(C)N=Nc1ccccc1,1
771,CC1=NN(c2ccccc2)C(=O)C1,0
772,c1ccc(Nc2ccc3ccccc3c2)cc1,0
773,Nc1ccc(Nc2ccccc2)cc1,0
774,NC(=O)OCC(COC(N)=O)c1ccccc1,1
775,O=C(O)CCCC/C=C(\c1ccccc1)c1cccnc1,0
776,NC(=S)Nc1ccccc1,0
777,O=C1C=Cc2ccccc2/C1=N/Nc1ccccc1,1
778,CCCCC1C(=O)N(c2ccccc2)N(c2ccccc2)C1=O,1
779,Nc1ccc(N)cc1,0
780,Nc1cccc(N)c1,0
781,Nc1ccccc1N,1
782,CNC[C@H](O)c1cccc(O)c1,0
783,COc1cc(/C=C/C(=O)OCCc2ccccc2)ccc1O,0
784,c1ccc(OCC2CO2)cc1,1
785,S=C=NCCCCCCc1ccccc1,0
786,Oc1ccccc1-c1ccccc1,1
787,[O-]c1ccccc1-c1ccccc1,1
788,S=C=NCCCc1ccccc1,0
789,Cn1c(N)nc2ncc(-c3ccccc3)cc21,1
790,NC(=O)c1ccccc1C(N)=O,0
791,O=C1OC(=O)c2ccccc21,0
792,Nc1c(Cl)c(Cl)nc(C(=O)O)c1Cl,0
793,CC[C@@H]1C(=O)OC[C@@H]1Cc1cncn1C,0
794,C[C@@H]1C/C=C/C=C/C=C/C=C/[C@H](O[C@@H]2O[C@H](C)[C@@H](O)[C@H](N)[C@@H]2O)C[C@@H]2O[C@](O)(C[C@@H](O)C[C@H]3O[C@@H]3/C=C/C(=O)O1)C[C@H](O)[C@H]2C(=O)O,0
795,C1CNCCN1,0
796,C1CCNCC1,0
797,CCCCOCCOCCOCc1cc2c(cc1CCC)OCO2,1
798,CCCCCCCCS(=O)C(C)Cc1ccc2c(c1)OCO2,0
799,C[C@@H]1CCC[C@H](C)N1CCCC(O)(c1ccccc1)c1ccccn1,0
800,CN1C(C(=O)Nc2ccccn2)=C(O)c2ccccc2S1(=O)=O,0
801,CC1(C)COC1=O,1
802,Brc1cc(Br)c(-c2cc(Br)c(Br)cc2Br)cc1Br,1
803,Brc1cc(-c2ccc(Br)c(Br)c2Br)cc(Br)c1Br,0
804,CCCCCCCCCc1ccc(OCCOCCO)cc1,0
805,CCCCCCCC/C=C/CCCCCCCC(=O)OCCOCC(OCCO)C1OC(OCCO)CC1OCCO,0
806,C=Cc1cccc[n+]1[O-],0
807,CC(=O)Nc1ccc(OCC(O)CNC(C)C)cc1,0
808,O=C(Nc1cccc2c(=O)cc(-c3nn[nH]n3)oc12)c1ccc(OCCCCc2ccccc2)cc1,0
809,O=C1CN=C(c2ccccc2)c2cc(Cl)ccc2N1CC1CC1,0
810,O=C(C1CCCCC1)N1CC(=O)N2CCc3ccccc3C2C1,0
811,C[C@]12C=CC(=O)C=C1CC[C@@H]1[C@@H]2[C@@H](O)C[C@@]2(C)[C@H]1CC[C@]2(O)C(=O)COC(=O)CCCc1ccc(N(CCCl)CCCl)cc1,1
812,C[C@]12C=CC(=O)C=C1CC[C@@H]1[C@@H]2[C@@H](O)C[C@@]2(C)[C@H]1CC[C@]2(O)C(=O)CO,1
813,C[C@]12CC[C@H]3C(=CCc4cc(OS(=O)(=O)[O-])ccc43)[C@@H]1CCC2=O,0
814,CCC1(c2ccccc2)C(=O)NCNC1=O,0
815,CCCN(CCC)S(=O)(=O)c1ccc(C(=O)O)cc1,0
816,CNNCc1ccc(C(=O)NC(C)C)cc1,1
817,CC(CN1c2ccccc2Sc2ccccc21)N(C)C,0
818,O=S1(=O)CCCO1,1
819,O=C1CCO1,1
820,CC(C)NCC(O)COc1cccc2ccccc12,0
821,CCCOC(=O)c1cc(O)c(O)c(O)c1,0
822,CCCN(N=O)/C(N)=N/[N+](=O)[O-],1
823,CCCN(N=O)C(N)=O,1
824,CC(O)CO,0
825,CC(O)COC(C)(C)C,0
826,CC1CO1,1
827,CCCc1cc(=O)[nH]c(=S)[nH]1,1
828,CCNNC(=O)[C@@H]1[C@H](c2cc(OC)c(OC)c(OC)c2)c2cc3c(cc2[C@H](O)[C@H]1CO)OCO3,0
829,O=C(O)c1ccc(O)c(O)c1,0
830,O=C1C=Cc2cc(S(=O)(=O)[O-])cc(S(=O)(=O)[O-])c2/C1=N/Nc1ccc(S(=O)(=O)[O-])c2ccccc12,1
831,O=C1c2ccccc2C(=O)c2c(O)c(O)cc(O)c21,1
832,NC(=O)c1cnccn1,0
833,c1ccncc1,1
834,COc1ccc(CN(CCN(C)C)c2ccccn2)cc1,1
835,CCc1nc(N)nc(N)c1-c1ccc(Cl)cc1,0
836,CCOC(=O)[C@H](CCc1ccccc1)N[C@@H](C)C(=O)N1Cc2ccccc2C[C@H]1C(=O)O,0
837,O=Nc1ccc(NO)cc1,1
838,Cn1cc(C(=O)[C@@H]2CCc3nc[nH]c3C2)c2ccccc21,0
839,Cc1ccc(S(=O)(=O)Oc2ccc(N=Nc3ccc(-c4ccc(N/N=C5\C(=O)C=Cc6cc(S(=O)(=O)[O-])cc(S(=O)(=O)[O-])c65)c(C)c4)cc3C)cc2)cc1,1
840,O=C1/C(=N\Nc2ccc(S(=O)(=O)[O-])c3ccccc23)C=C(S(=O)(=O)[O-])c2ccccc21,0
841,Cc1ccc(N/N=C2\C(=O)C=Cc3ccccc32)c([N+](=O)[O-])c1,1
842,COc1ccc([N+](=O)[O-])cc1N/N=C1/C(=O)C(C(=O)Nc2cccc([N+](=O)[O-])c2)=Cc2ccccc21,0
843,Cc1ccc(N/N=C2\C(=O)C(S(=O)(=O)[O-])=Cc3ccc(S(=O)(=O)[O-])cc32)c(C)c1,1
844,O=C1C=Cc2ccccc2/C1=N/Nc1ccc2ccccc2c1S(=O)(=O)[O-],0
845,Cc1cc(C)c(N/N=C2\C(=O)C(S(=O)(=O)[O-])=Cc3cc(S(=O)(=O)[O-])ccc32)cc1C,1
846,O=C1C(S(=O)(=O)[O-])=Cc2cc(S(=O)(=O)[O-])ccc2/C1=N/Nc1ccc(S(=O)(=O)[O-])c2ccccc12,1
847,O=C([O-])c1ccccc1-c1c2cc(I)c(=O)c(I)c-2oc2c(I)c([O-])c(I)cc12,0
848,Cc1cc(C)c(S(=O)(=O)[O-])cc1N/N=C1\C=C(S(=O)(=O)[O-])c2ccccc2C1=O,1
849,CCN(CC)c1cc2oc3cc(=[N+](CC)CC)c(C)cc-3c(-c3ccc(S(=O)(=O)[O-])cc3S(=O)(=O)[O-])c2cc1C,0
850,Nc1ccc(NCCO)c([N+](=O)[O-])c1,0
851,COC(=O)[C@H]1[C@H]2C[C@@H]3c4[nH]c5cc(OC)ccc5c4CCN3C[C@H]2C[C@@H](OC(=O)c2cc(OC)c(OC)c(OC)c2)[C@@H]1OC,1
852,Oc1cccc(O)c1,0
853,CC1=C(/C=C/C(C)=C/C=C/C(C)=C/C(=O)O)C(C)(C)CCC1,0
854,CC(=O)OC/C=C(C)/C=C/C=C(C)/C=C/C1=C(C)CCCC1(C)C,1
855,CCCCCCCCCCCCCCCC(=O)OC/C=C(C)/C=C/C=C(C)/C=C/C1=C(C)CCCC1(C)C,0
856,C/C=C1/C[C@@H](C)[C@](O)(CO)C(=O)OCC2=CCN3CC[C@@H](OC1=O)[C@@H]23,1
857,CCN=c1cc2oc3cc(NCC)c(C)cc3c(-c3ccccc3C(=O)OCC)c-2cc1C,0
858,C=C1C/C(=C/C)C(=O)O[C@@H]2CCN3CC=C(COC(=O)[C@@]1(O)CO)[C@H]23,1
859,CO[C@H]1/C=C/O[C@@]2(C)Oc3c(C)c(O)c4c(c3C2=O)C(=O)/C(=C\NN2CCN(C)CC2)C(=C4O)NC(=O)/C(C)=C\C=C\[C@H](C)[C@H](O)[C@@H](C)[C@@H](O)[C@@H](C)[C@H](OC(C)=O)[C@@H]1C,0
860,CCn1nc(C)c2c1C(c1ccccc1)=NCC(=O)N2,0
861,CC1=CC(=C(c2ccc(N)cc2)c2ccc(N)cc2)C=CC1=N,0
862,N=C1C=CC(=C(c2ccc(N)cc2)c2ccc(N)cc2)C=C1,1
863,C=C(C)[C@H]1Cc2c(ccc3c2O[C@@H]2COc4cc(OC)c(OC)cc4[C@@H]2C3=O)O1,0
864,C[C@@H]1O[C@@H](OC[C@H]2O[C@@H](Oc3c(-c4ccc(O)c(O)c4)oc4cc(O)cc(O)c4c3=O)[C@H](O)[C@@H](O)[C@@H]2O)[C@H](O)[C@H](O)[C@H]1O,0
865,O=C1NS(=O)(=O)c2ccccc21,0
866,O=S1(=O)N=C([O-])c2ccccc21,0
867,C=CCc1ccc2c(c1)OCO2,1
868,CC(C)(C)NCC(O)c1ccc(O)c(CO)c1,1
869,O=C(O)C1=C/C(=N\Nc2ccc(S(=O)(=O)Nc3ccccn3)cc2)C=CC1=O,1
870,CN1[C@@H]2CC(OC(=O)[C@@H](CO)c3ccccc3)C[C@H]1[C@@H]1O[C@@H]12,0
871,C/C=C1/C[C@@H](C)[C@@](C)(O)C(=O)OCC2=CCN(C)CC[C@@H](OC1=O)C2=O,1
872,CN[C@H]1CC[C@@H](c2ccc(Cl)c(Cl)c2)c2ccccc21,0
873,Oc1ccc2c(c1)OCO2,1
874,CCN(CC)C(=S)[S-],0
875,C/C=C/C=C/C(=O)O,0
876,CC(C)NCC(O)c1ccc(NS(C)(=O)=O)cc1,0
877,COc1cc2c(c3oc4cccc(O)c4c(=O)c13)C1C=COC1O2,1
878,C=C1C[C@@]23CC[C@H]4[C@@](C)(CCC[C@@]4(C)C(=O)O[C@@H]4O[C@H](CO)[C@@H](O)[C@H](O)[C@H]4O)[C@@H]2CC[C@]1(O[C@@H]1O[C@H](CO)[C@@H](O)[C@H](O)[C@H]1O[C@@H]1O[C@H](CO)[C@@H](O)[C@H](O)[C@H]1O)C3,0
879,CN(N=O)C(=O)N[C@@H]1[C@@H](O)[C@H](O)[C@@H](CO)O[C@@H]1O,1
880,C=Cc1ccccc1,1
881,O=[N+]([O-])/C=C/c1ccccc1,0
882,c1ccc(C2CO2)cc1,1
883,O=C1CCC(=O)O1,0
884,CC(=O)OC[C@H]1O[C@H](O[C@]2(COC(C)=O)O[C@H](COC(=O)C(C)C)[C@@H](OC(=O)C(C)C)[C@@H]2OC(=O)C(C)C)[C@H](OC(=O)C(C)C)[C@@H](OC(=O)C(C)C)[C@@H]1OC(=O)C(C)C,0
885,C=C(Cl)CSC(=S)N(CC)CC,1
886,Cc1noc(NS(=O)(=O)c2ccc(N)cc2)c1C,0
887,O=S1(=O)CC=CC1,0
888,CC(=O)Nc1ccc(S(=O)(=O)c2ccc(NC(C)=O)cc2)cc1,1
889,CC1=C(CC(=O)O)c2cc(F)ccc2/C1=C\c1ccc(S(C)(=O)=O)cc1,0
890,CCCCC1(COC(=O)CCC(=O)O)C(=O)N(c2ccccc2)N(c2ccccc2)C1=O,0
891,C/C=C(\C)C(=O)O[C@@H]1CCN2CC=C(COC(=O)C(O)(C(C)C)C(C)O)[C@H]12,1
892,COc1ccc(C(Cl)=C(c2ccc(OC)cc2)c2ccc(OC)cc2)cc1,0
893,CN1C(=O)C[C@@H](C(=O)N[C@@H](Cc2cnc[nH]2)C(=O)N2CCC[C@H]2C(N)=O)NC1=O,0
895,O=c1[nH]c(=O)n(C2CCCO2)cc1F,0
896,CC(C)(C)NCC(O)c1cc(O)cc(O)c1,1
897,Nc1ccc(-c2ccc(N)c(N)c2)cc1N,1
898,COc1c(Cl)c(Cl)c([N+](=O)[O-])c(Cl)c1Cl,0
899,Nc1cc(Cl)c(-c2cc(Cl)c(N)cc2Cl)cc1Cl,0
901,CN(C)[C@@H]1C(=O)C(C(N)=O)=C(O)[C@@]2(O)C(=O)C3=C(O)c4c(O)cccc4[C@@](C)(O)[C@H]3C[C@@H]12,0
902,CCN(CC)C(=S)SSC(=S)N(CC)CC,0
903,Nc1c(F)c(N)c(F)c(F)c1F,0
904,O=NN1CCCCO1,1
905,CCCCCc1cc(O)c2c(c1)OC(C)(C)[C@@H]1CCC(C)=C[C@@H]21,0
906,C1CCOC1,1
907,O=C1CCN([C@@H]2O[C@H](CO)[C@@H](O)[C@H]2O)C(=O)N1,0
908,CN(C)C(=S)SSC(=S)N(C)C,0
909,CN(C)CCN(Cc1ccsc1)c1ccccn1,0
910,Cn1c(=O)c2[nH]cnc2n(C)c1=O,0
911,c1ccc2[nH]c(-c3cscn3)nc2c1,0
912,CS(=O)(=O)c1ccc([C@@H](O)[C@@H](CO)NC(=O)C(Cl)Cl)cc1,0
914,Cc1cc(O)c(C(C)(C)C)cc1Sc1cc(C(C)(C)C)c(O)cc1C,0
915,Nc1ccc(Sc2ccc(N)cc2)cc1,1
917,O=c1cc[nH]c(=S)[nH]1,1
918,CCOC(=O)[C@]1(c2ccccc2)CCC=C[C@H]1N(C)C,0
919,Cn1cc(OCC(O)CNC(C)(C)C)c2ccccc2c1=O,0
920,Cc1c(C)c2c(c(C)c1O)CCC(C)(CCCC(C)CCCC(C)CCCC(C)C)O2,0
921,CC(=O)Oc1c(C)c(C)c2c(c1C)CCC(C)(CCCC(C)CCCC(C)CCCC(C)C)O2,0
922,Cc1ccc(S(=O)(=O)NC(=O)NN2CCCCCC2)cc1,0
923,CCCCNC(=O)NS(=O)(=O)c1ccc(C)cc1,0
924,Cc1ccccc1,1
925,Cc1ccc(N=C=O)cc1N=C=O,1
926,Cc1ccccc1S(N)(=O)=O,1
927,Cc1cccc(N)c1,0
929,Cc1ccc(N)cc1,0
930,Cc1ccc(NC(N)=O)cc1,0
931,CN(C)CCOc1ccc(/C(=C(/CCCl)c2ccccc2)c2ccccc2)cc1,0
932,C=C1C(CCl)(CCl)C2(Cl)C(Cl)C(Cl)C1(Cl)C2(Cl)Cl,0
933,O=C1C=C(N2CC2)C(=O)C(N2CC2)=C1N1CC1,1
934,CC1(C)O[C@@H]2C[C@H]3[C@@H]4CCC5=CC(=O)C=C[C@]5(C)[C@@]4(F)[C@@H](O)C[C@]3(C)[C@]2(C(=O)CO)O1,1
935,Nc1nc(N)c2nc(-c3ccccc3)c(N)nc2n1,0
936,CCCCOP(=O)(OCCCC)OCCCC,1
937,CCCCCCCC(=O)OCC(COC(=O)CCCCCCC)OC(=O)CCCCCCC,1
938,Nc1c(Cl)cc(Cl)cc1Cl,0
939,O=C1c2ccccc2C(=O)N1SC(Cl)(Cl)Cl,0
940,Oc1c(Cl)cc(Cl)cc1Cl,1
941,O=C(O)COc1cc(Cl)c(Cl)cc1Cl,0
942,COP(=O)(OC)C(O)C(Cl)(Cl)Cl,0
943,ClCC(Cl)CCl,1
944,Cc1ccc(OP(=O)(Oc2ccc(C)cc2)Oc2ccc(C)cc2)cc1,0
945,OCCN(CCO)CCO,0
946,OCCOCCOCCO,0
947,O=C(Nc1nc(-c2ccc([N+](=O)[O-])o2)cs1)C(F)(F)F,1
948,CCCN(CCC)c1c([N+](=O)[O-])cc(C(F)(F)F)cc1[N+](=O)[O-],0
949,CN1C(=O)OC(C)(C)C1=O,0
950,CC1=C(C)C(=O)C(C(CCCCCC(=O)O)c2ccccc2)=C(C)C1=O,0
951,Cc1cc(C)c(N)cc1C,1
952,Cc1cc(C)c(N)c(C)c1,1
953,Cc1ccc(C)c(C)c1,1
954,COP(=O)(OC)OC,0
955,CNC(=S)N(C)C,1
956,O=[N+]([O-])c1cc([N+](=O)[O-])cc([N+](=O)[O-])c1,0
957,O=[N+]([O-])OCC(CO[N+](=O)[O-])O[N+](=O)[O-],1
958,c1ccc([Sn](c2ccccc2)c2ccccc2)cc1,0
959,Cc1ccc(/C(=C\CN2CCCC2)c2ccccn2)cc1,0
960,O=P(OCCCl)(OCCCl)OCCCl,1
961,O=P(OCC(Br)CBr)(OCC(Br)CBr)OCC(Br)CBr,1
962,O=P(OC(CCl)CCl)(OC(CCl)CCl)OC(CCl)CCl,1
963,CCCCC(CC)COP(=O)(OCC(CC)CCCC)OCC(CC)CCCC,0
964,CC(O)CN(CC(C)O)CC(C)O,0
965,CCCCCCCCCCCCCCCC(=O)CC(=O)CCCCCCCCCCCCCCC,0
966,Cc1c(N)nc(C)c2c1[nH]c1ccccc12,1
967,Cc1nc(N)cc2[nH]c3ccccc3c12,1
968,NC(Cc1c[nH]c2ccccc12)C(=O)O,0
969,N[C@@H](Cc1c[nH]c2ccccc12)C(=O)O,0
970,O=c1cc[nH]c(=O)[nH]1,1
971,COc1ccccc1N1CCN(CCCNc2cc(=O)n(C)c(=O)n2C)CC1,0
972,CCOC(N)=O,1
973,C=COC(C)=O,1
974,C=Cc1cccc(C)c1,0
975,C=CN1CCCC1=O,1
976,CCN(Cc1cccc(S(=O)(=O)[O-])c1)c1ccc(C(=C2C=CC(=[N+](C)C)C=C2)c2ccc(N(CC)Cc3cccc(S(=O)(=O)[O-])c3)cc2)cc1,1
977,OCC(CO)N[C@H]1C[C@](O)(CO)[C@@H](O)[C@H](O)[C@H]1O,0
978,COC(=O)C1=C(C)NC(C)=C(C(=O)OCCc2ccc(N3CCN(C(c4ccccc4)c4ccccc4)CC3)cc2)C1c1cccc([N+](=O)[O-])c1,0
979,Cc1cccc(C)c1NC1=NCCCS1,0
980,Cc1ccc(N)c(C)c1,0
981,Cc1ccc(C)c(N)c1,1
982,CC(=O)Nc1ccc(N/N=C2/C=C(C)C=CC2=O)cc1,1
983,CC(=O)C(N=Nc1ccc(-c2ccc(N=NC(C(C)=O)C(=O)Nc3ccccc3)c(Cl)c2)cc1Cl)C(=O)Nc1ccccc1,0
984,CC(=O)C(N=Nc1ccc(Cl)cc1Cl)C(=O)Nc1ccc(-c2ccc(NC(=O)C(N=Nc3ccc(Cl)cc3Cl)C(C)=O)c(C)c2)cc1C,0
985,COc1cc(NC(=O)C(N=Nc2ccc(-c3ccc(N=NC(C(C)=O)C(=O)Nc4cc(OC)c(Cl)cc4OC)c(Cl)c3)cc2Cl)C(C)=O)c(OC)cc1Cl,0
986,O=C1c2ccccc2-c2ccc3c4c(ccc1c24)-c1ccccc1C3=O,0
987,O=C([O-])C1=NN(c2ccc(S(=O)(=O)[O-])cc2)C(=O)/C1=N\Nc1ccc(S(=O)(=O)[O-])cc1,0
988,O=C1C=Cc2cc(S(=O)(=O)[O-])ccc2/C1=N/Nc1ccc(S(=O)(=O)[O-])cc1,0
989,O=[N+]([O-])c1ccc(NCCO)c(OCCO)c1,0
990,CN1C2CC[C@@H]1CC(NC(=O)c1cc(Cl)cc3c1OC(C)(C)C3)C2,0
991,C[C@H]1CCCC(=O)CCC/C=C/c2cc(O)cc(O)c2C(=O)O1,0
992,OCC(CO)(CBr)CBr,1
993,Nc1cc(S(=O)(=O)[O-])cc2c1C(=O)/C(=N\Nc1ccc(-c3ccc(N/N=C4\C(=O)c5c(N)cc(S(=O)(=O)[O-])cc5C=C4S(=O)(=O)[O-])c(O)c3)cc1O)C(S(=O)(=O)[O-])=C2,1
994,O=C([O-])c1cc(N=Nc2ccc(-c3ccc(N/N=c4\c(=O)cc/c(=N\Nc5cc(S(=O)(=O)[O-])ccc5[O-])c4=O)cc3)cc2)ccc1[O-],1
996,CC(O)C(=O)[O-],0
997,CCCC(CCC)C(=O)[O-],1
998,C=CC,0
999,C=CC1=C(C)C2=CC3=NC(=C(CC(=O)[O-])C4=NC(=C(C)C4=C([O-])[O-])C=c4[n-]c(c(C)c4CC)=CC1=N2)[C@@H](CCC(=O)[O-])[C@@H]3C,0
1000,OC[P+](CO)(CO)CO,0
1001,CC[C@]1(O)C[C@H]2CN(CCc3c([nH]c4ccccc34)[C@@](C(=O)OC)(c3cc4c(cc3OC)N(C)[C@H]3[C@@](O)(C(=O)OC)[C@H](OC(C)=O)[C@]5(CC)C=CCN6CC[C@]43[C@@H]65)C2)C1,0
1002,C[N+](=O)[N-]COC1OC(CO)C(O)C(O)C1O,1
1003,CC(=O)N(O)c1ccc(C=Cc2ccccc2)cc1,1
1004,CC(CCC(=O)O)C1CCC2C3CCC4CC(O)CCC4(C)C3CCC12C,0
1005,CN(C)CCN(Cc1ccccc1)c1ccccn1.[Cl-].[H+],0
1007,Cc1ccc(N=CN(C)C=Nc2ccc(C)cc2C)c(C)c1,0
1008,CC(=O)OCN(C)N=O,1
1009,OCc1ccn2c1C(O)CC2,1
1010,CC(C)OP(=S)(OC(C)C)SCCNS(=O)(=O)c1ccccc1,0
1011,NC(Cc1cnc[nH]1)C(=O)O.O.[Cl-].[H+],0
1012,c1ccc2c(c1)ccc1nc3ccc4ccccc4c3cc12,1
1013,Nc1ccccc1.[Cl-].[H+],1
1014,O=C([O-])C1C2CCC(O2)C1C(=O)[O-].[Na+].[Na+],0
1015,CC(=O)[O-].CC(=O)[O-].[Ba+2],0
1016,O=[N+]([O-])c1ccc2ccc3cccc4c3c2c1C1OC41,0
1017,C=CC(=O)OC,0
1018,Cc1c(C)c2c3c(ccc2c2ccccc12)C(O)C(O)C1OC31,1
1019,Cc1ccc(NN=C2C(=O)C(S(=O)(=O)[O-])=Cc3ccc(S(=O)(=O)[O-])cc32)c(C)c1.[Na+].[Na+],1
1020,O=Cc1ccc(CO)o1,0
1021,Cc1c(N)nc(C(CC(N)=O)NCC(N)C(N)=O)nc1C(=O)NC(C(=O)NC(C)C(O)C(C)C(=O)NC(C(=O)NCCc1nc(-c2nc(C(=O)NCCC[S+](C)C)cs2)cs1)C(C)O)C(OC1OC(CO)C(O)C(O)C1OC1OC(CO)C(O)C(OC(N)=O)C1O)c1cnc[nH]1.O=S(=O)([O-])O,1
1022,ClCOCCOCCl,1
1023,N#Cc1nn(-c2c(Cl)cc(C(F)(F)F)cc2Cl)c(N)c1S(=O)C(F)(F)F,1
1024,CC1C(c2ccc(Cl)cc2)SC(=O)N1C(=O)NC1CCCCC1,0
1025,Clc1cc(Cl)c(-c2cc(Cl)c(Cl)cc2Cl)cc1Cl,0
1026,CNNCc1ccc(C(=O)NC(C)C)cc1.[Cl-].[H+],1
1027,COc1ccc(N)cc1N.O=S(=O)(O)O,1
1028,O.O.O.O=C([O-])CN(CCN(CC(=O)[O-])CC(=O)O)CC(=O)[O-].[Na+].[Na+].[Na+],0
1029,Nc1cccc2ccccc12,0
1030,CC(C)NC(=O)N1CC(=O)N(c2cc(Cl)cc(Cl)c2)C1=O,1
1031,CC(=O)Nc1ccc(-c2ccc(NC(C)=O)cc2)cc1,1
1032,CCCCCCCN(C)N=O,1
1033,CNC(=O)Oc1cccc(N=CN(C)C)c1.[Cl-].[H+],0
1034,COC(=O)c1ccc(C)cc1C1=NC(C)(C(C)C)C(=O)N1,0
1035,CNC(=O)ON=C(SC)C(=O)N(C)C,0
1036,COc1cc(S(=O)(=O)[O-])c(C)cc1NN=C1C(=O)C=Cc2cc(S(=O)(=O)[O-])ccc21.[Na+].[Na+],0
1037,O=NN1CC=CCC1c1cccnc1,0
1039,CCC(Cl)C(Cl)C(Cl)CC(Cl)C(Cl)C(C)Cl,1
1040,CC(=O)CCNCN=O,1
1041,OC1C=C2c3c(cccc3C1O)-c1ccc3ccccc3c12,1
1042,C[NH+](C)CCN(Cc1ccsc1)c1ccccn1.[Cl-],0
1043,Cc1ccc(Nc2ccc(O)c3c2C(=O)c2ccccc2C3=O)cc1,0
1044,Cc1cccc(C)c1,0
1045,O=c1ccc(=O)[nH][n-]1.[K+],0
1046,COC(=O)C1=C(C)NC(C)=C(C(=O)OCC(C)(C)CN(C)Cc2ccccc2)C1c1cc([N+](=O)[O-])ccc1F.[Cl-].[H+],0
1047,CN(CC(=O)O)N=O,1
1049,O=C([O-])c1cc(N=Nc2ccc(-c3ccc(NN=c4c(=O)ccc(=NNc5cc(S(=O)(=O)[O-])ccc5[O-])c4=O)cc3)cc2)ccc1[O-].[Cu+2].[Na+].[Na+],1
1050,O=C(Cn1ccnc1[N+](=O)[O-])NCc1ccccc1,1
1051,O=C1OC2(c3ccc(O)cc3Oc3cc(O)ccc32)c2ccccc21,0
1052,CN(C)c1ccc2nc3ccc(N(C)C)cc3[s+]c2c1.O.O.O.[Cl-],0
1053,CC12CCCC1C1CCc3cc(O)ccc3C1CC2,0
1054,OC1C=CC=CC1O,0
1055,O=C1NCCN1c1ncc([N+](=O)[O-])s1,1
1056,O.O.OCC(O)C(O)C(OC1OC(CO)C(O)C(O)C1O)C(O)CO,0
1057,Oc1cc(O)c2c(c1)OC(c1ccc(O)c(O)c1)C(O)C2,1
1058,C[N+]1(C)CCCCC1.[Cl-],0
1059,C1=Cc2cc3cccc4ccc5ccc1c2c5c43,1
1060,CCN(CC)C(=O)C(Cl)=C(C)OP(=O)(OC)OC,0
1061,CCCCOC(=O)C(C)Oc1ccc(Oc2ccc(C#N)cc2F)cc1,0
1062,C=C1CC23CC1(O)CCC2C12C=CC(O)C(C)(C(=O)O1)C2C3C(=O)O,1
1063,Oc1ccc(-c2cc(Cl)c(Cl)c(Cl)c2Cl)cc1,1
1064,Cc1c([N+](=O)[O-])c(C)c([N+](=O)[O-])c(C(C)(C)C)c1[N+](=O)[O-],1
1065,COc1ccc(N)c(OC)c1.[Cl-].[H+],0
1066,c1ccc2c(c1)cc1ccc3cc4ccccc4c4ccc2c1c34,1
1067,Nc1nc(C=Cc2ccc([N+](=O)[O-])o2)no1,1
1068,CC(=O)N(O)c1ccc(-c2ccccc2)cc1,0
1069,Cc1cccc2c1cc(C)c1c3c(ccc12)C(O)C(O)C1OC31,1
1070,COC(=O)c1ccc(CNS(C)(=O)=O)cc1S(=O)(=O)NC(=O)Nc1nc(OC)cc(OC)n1,0
1071,O=C1C=Cc2ccccc2C1=NNc1ccc(N=Nc2ccccc2)cc1,0
1072,CN1CCCC1c1cccnc1,0
1073,O=C1C=Cc2cc(S(=O)(=O)[O-])cc(S(=O)(=O)[O-])c2C1=NNc1ccccc1.[Na+].[Na+],0
1074,O=C1C=Cc2ccccc2C1=NNc1ccc2ccccc2c1S(=O)(=O)[O-].[Na+],0
1075,O=c1c(-c2ccc(O)cc2)coc2cc(O)cc(O)c12,0
1076,c1ccc2c(c1)cc1ccc3cccc4c5ccccc5c2c1c34,1
1077,CCC(C)C1OC2(CCC1C)CC1CC(CC=C(C)C(OC3CC(OC)C(OC4CC(OC)C(O)C(C)O4)C(C)O3)C(C)C=CC=C3COC4C(O)C(C)=CC(C(=O)O1)C34O)O2.COC1CC(OC2C(C)OC(OC3C(C)=CCC4CC(CC5(CCC(C)C(C(C)C)O5)O4)OC(=O)C4C=C(C)C(O)C5OCC(=CC=CC3C)C45O)CC2OC)OC(C)C1O,0
1078,CCN(CC)c1ccc2c(-c3ccccc3C(=O)O)c3ccc(N(CC)CC)cc3[o+]c2c1.[Cl-],0
1079,CNCCC(Oc1ccc(C(F)(F)F)cc1)c1ccccc1.[Cl-].[H+],0
1080,CN(N=O)C(=O)NC1C(O)OC(CO)C(O)C1O,1
1081,ClCOCc1ccc(COCCl)cc1,1
1082,CCN(CC)CC#CC(C)(C)OC(=O)C(O)(c1ccccc1)C1CCCCC1.[Cl-].[H+],0
1083,OC1c2ccc3cc4ccccc4nc3c2C2OC2C1O,1
1084,CNC(=O)Oc1ccccc1OC(C)C,0
1085,O=C1N=S(=O)([O-])c2ccccc21.[Na+],0
1086,O=S(=O)([O-])OCc1c2ccccc2c2ccc3cccc4ccc1c2c43.[Na+],1
1087,CC(COc1ccccc1)N(CCCl)Cc1ccccc1.[Cl-].[H+],1
1088,CN(C)C(=O)NN=O,1
1089,CC(C)CCCC(C)C1CCC2C3CC4OC45CC(O)CCC5(C)C3CCC12C,0
1090,NC(=O)OC1CO1,1
1091,NCCNc1cccc2ccccc12.[Cl-].[Cl-].[H+].[H+],0
1092,ONc1ccc2ccccc2c1,1
1093,Cn1c2ccccc2c2ccccc21,0
1094,C=CCc1ccc(OC)cc1,1
1095,CCN(CC)CCCC(C)Nc1c2ccc(Cl)cc2nc2ccc(OC)cc12.O.O.[Cl-].[Cl-].[H+].[H+],0
1096,C=CC=CC1C2C=CCC(=O)OC34CC(C)C5(O)C(C=C(CO)CC6(O)C(=O)C(C)=CC65)C3C4(C)COC(=O)C2C2C(C=CC=CC=CCCC)C12,0
1097,COC1C(OC(C)=O)CC(=O)OC(C)CC=CC=CC(O)C(C)CC(CC=O)C1OC1OC(C)C(OC2CC(C)(O)C(OC(=O)CC(C)C)C(C)O2)C(N(C)C)C1O,0
1098,COC(=O)C1C2CC3c4[nH]c5cc(OC)ccc5c4CCN3CC2CC(OC(=O)c2cc(OC)c(OC)c(OC)c2)C1OC,1
1099,CC(C)N=C=NC(C)C,0
1100,Nc1ccc2cc3ccc(N)cc3nc2c1.Nc1ccc2cc3ccc(N)cc3nc2c1.O.[Cl-].[Cl-].[H+].[H+],0
1101,O=C1C=CC2COC1O2,0
1102,CC1=CC2OC3C(O)CC(C)(C34CO4)C2(CO)C(O)C1=O,0
1103,NC(=O)Cc1c([O-])[o+]nn1Cc1ccccc1,1
1104,CCC(=O)C(CC(C)N(C)C)(c1ccccc1)c1ccccc1.[Cl-].[H+],0
1105,COC(=O)C1=C(C)NC(C)=C(C(=O)OCCN2CCN(C(c3ccccc3)c3ccccc3)CC2)C1c1cccc([N+](=O)[O-])c1.[Cl-].[Cl-].[H+].[H+],0
1106,Nc1cnn(C2OC(CO)C(O)C2O)c(=O)n1,0
1107,CC(=O)OC1C(O)C2OC3C=C(C)C(=O)C(O)C3(CO)C1(C)C21CO1,0
1108,CCCCCCN(C)N=O,1
1109,CCOP(=O)(NC(C)C)Oc1ccc(SC)c(C)c1,0
1110,COc1ccccc1N.[Cl-].[H+],1
1111,Cc1c(N(C)CS(=O)(=O)[O-])c(=O)n(-c2ccccc2)n1C.[Na+],0
1112,O=Nc1cc2c3ccccc3ccc2c2ccccc12,1
1113,O=C1OC2(c3cc(Br)c(O)c(Br)c3Oc3c2cc(Br)c(O)c3Br)c2c(Cl)c(Cl)c(Cl)c(Cl)c21,0
1114,O=S(=O)([O-])[O-].OC[P+](CO)(CO)CO.OC[P+](CO)(CO)CO,0
1115,Nc1ccc(N)cc1.[Cl-].[Cl-].[H+].[H+],0
1116,O=C1C(S(=O)(=O)[O-])=Cc2cc(S(=O)(=O)[O-])ccc2C1=NNc1ccc(S(=O)(=O)[O-])c2ccccc12.[Na+].[Na+].[Na+],0
1117,CC1(C)SC2C(NC(=O)C(N)c3ccccc3)C(=O)N2C1C(=O)O.O.O.O,0
1118,OC1COC(O)C(O)C1O,0
1119,OC1c2cc3ccc4cccc5c6ccccc6c(c2C2OC2C1O)c3c45,1
1120,O=[N+]([O-])c1ccc2ccc3cccc4c5ccccc5c1c2c34,0
1121,O=C1C=Cc2cc(S(=O)(=O)[O-])ccc2C1=NNc1ccc(S(=O)(=O)[O-])cc1.[Na+].[Na+],0
1122,c1ccc2c(c1)ccc1ncccc12,0
1123,C#CC1(OC(C)=O)CCC2C3CCC4=CC(OC(C)=O)CCC4C3CCC21C,1
1124,C1COCCN1,0
1125,CN(C)C(=O)Nc1ccc(Cl)c(Cl)c1,0
1126,C#CC1(OC(C)=O)CCC2C3CCC4=CC(=O)CCC4C3CCC21C,1
1127,O=C([O-])CCCCCCCCC(=O)[O-].[Na+].[Na+],0
1128,C=C(C)C1Cc2c(ccc3c2OC2COc4cc(OC)c(OC)cc4C2C3=O)O1,0
1129,CCCN(C)N=O,1
1130,CCN(CCO)N=O,1
1131,COCc1cnc(C2=NC(C)(C(C)C)C(=O)N2)c(C(=O)O)c1,0
1132,Cc1cc(-c2ccccc2C)ccc1N=O,1
1133,CCC1c2ccc(O)cc2C(C)C1c1ccc(O)cc1,0
1134,C#CCN1C(=O)COc2cc(F)c(N3C(=O)C4=C(CCCC4)C3=O)cc21,0
1135,Nc1ccc(C(=O)Nc2ccccc2N)cc1,1
1136,COc1cc(-c2ccc(N)c(OC)c2)ccc1N.[Cl-].[Cl-].[H+].[H+],1
1137,c1ccc2c(c1)-c1ccc3ccc4cccc5cc-2c1c3c45,1
1138,Nc1ccc(Cc2ccc(N)cc2)cc1.[Cl-].[Cl-].[H+].[H+],1
1139,CN1C(=O)CC(C(=O)NC(Cc2cnc[nH]2)C(=O)N2CCCC2C(N)=O)NC1=O,0
1140,NC(=O)C(=Cc1ccc([N+](=O)[O-])o1)c1ccco1,1
1141,C=C(C)c1ccccc1,0
1142,COc1nn(CSP(=S)(OC)OC)c(=O)s1,0
1143,CC1OC(OCC2OC(Oc3c(-c4ccc(O)c(O)c4)oc4cc(O)cc([O-])c4c3=O)C(O)C(O)C2O)C(O)C(O)C1O.O=S(=O)(O)O.[Na+],0
1144,O=C1c2ccccc2CN2C(=O)c3ccccc3CN12,1
1145,OC1c2cc3ccc4ccccc4c3nc2C2OC2C1O,0
1146,O=[N+]([O-])c1ccc2ccc3c([N+](=O)[O-])c4ccccc4c4ccc1c2c34,0
1147,CC1=C(C(=O)OCCN(Cc2ccccc2)c2ccccc2)C(c2cccc([N+](=O)[O-])c2)C(P2(=O)OCC(C)(C)CO2)=C(C)N1.[Cl-].[H+],0
1148,O=C(O)CNCP(=O)(O)O,0
1149,CCOP(=O)(SC(C)CC)N1CCSC1=O,0
1150,C[NH+](C)CCC(c1ccc(Cl)cc1)c1ccccn1.O=C([O-])C=CC(=O)O,0
1151,c1ccc2c(c1)-c1cccc3cccc-2c13,1
1152,CCCCCCOc1cc2c(c3ccc4ccccc4c13)CCC2=O,0
1153,CCN(CC)C(=S)[S-].CCN(CC)C(=S)[S-].CCN(CC)C(=S)[S-].CCN(CC)C(=S)[S-].[Te+4],0
1154,Cc1c2ccccc2c(CO)c2ccc3ccccc3c12,1
1155,CCC(=C(c1ccc(O)cc1)c1ccc(OCCN(C)C)cc1)c1ccccc1,0
1156,CCCCCCCCCCCCCC(=O)OC1C(C)C2(O)C(C=C(CO)CC3(O)C(=O)C(C)=CC32)C2C(C)(C)C12OC(C)=O,1
1157,CO[Si](CCCOCC1CO1)(OC)OC,0
1158,CCOC(=O)Nc1cccc(OC(=O)Nc2ccccc2)c1,0
1159,CC(C)=CCCC(C)=CC=O,0
1160,Nc1ccc(C=Cc2ccccc2)cc1,1
1161,COc1ccc(CN(CCN(C)C)c2ccccn2)cc1.[Cl-].[H+],0
1162,COc1ccc(C2OC2C)cc1,1
1163,Nc1cc(S(=O)(=O)[O-])cc2c1C(=O)C(=NNc1ccc(-c3ccc(NN=C4C(=O)c5c(N)cc(S(=O)(=O)[O-])cc5C=C4S(=O)(=O)[O-])cc3)cc1)C(S(=O)(=O)[O-])=C2.[Na+].[Na+].[Na+].[Na+],1
1164,CCN(N=O)C(=O)NC,1
1165,CNC(=O)ON=CC(C)(C)SC,0
1166,N#[N+]c1ccc(CO)cc1.O=S([O-])[O-],1
1167,NNc1ccc(C(=O)O)cc1.[Cl-].[H+],0
1168,O=[N+]([O-])c1c2ccccc2c2ccc3cccc4ccc1c2c43,0
1169,ClCC=CCCl,1
1170,CN(C)C1C(=O)C(=C(N)O)C(=O)C2(O)C(=O)C3=C(O)c4c(O)cccc4C(C)(O)C3CC12.[Cl-].[H+],0
1171,Cc1cc(-c2ccc(N)c(C)c2)ccc1N.[Cl-].[Cl-].[H+].[H+],1
1172,NNC(=O)c1cccnc1,1
1173,Nc1cc2c3c(ccc2c2ccccc12)C(O)C(O)C=C3,1
1174,CN(C)c1nc(=O)n(C2CCCCC2)c(=O)n1C,0
1176,NC1=NCN(C2OC(CO)C(O)C2O)C(=O)N1,0
1177,CC(=O)CC(C)C,0
1178,O=C1C=Cc2ccccc2C1=NNc1ccc([N+](=O)[O-])cc1[N+](=O)[O-],0
1179,COc1cc(C=CC(=O)CC(=O)C=Cc2ccc(O)c(OC)c2)ccc1O,0
1180,CC(C)(C)CC(C)(C)c1ccc(OCCOCC[N+](C)(C)Cc2ccccc2)cc1.[Cl-],0
1181,O=C([O-])CCC(=O)[O-].[Na+].[Na+],0
1182,CN(C)CCN(Cc1cccs1)c1ccccn1.[Cl-].[H+],1
1183,OC1C=Cc2c(ccc3c2-c2cccc4cccc-3c24)C1O,1
1184,CCNC(=O)N(CC)N=O,1
1185,COc1ccc(C2CC(=O)c3c(O)cc(OC4OC(COC5OC(C)C(O)C(O)C5O)C(O)C(O)C4O)cc3O2)cc1OC,0
1187,CCc1cc(Cc2cc(CC)cc(C(C)(C)C)c2O)c(O)c(C(C)(C)C)c1,0
1188,CC1=CC2(OC3OC(CO)C(O)C(O)C3O)CC(C)C(=O)C2C(C)(O)C12CC2,1
1189,O=c1ccc2ccc3occc3c2o1,0
1190,C=Cc1ccccn1,0
1191,NNC(=O)c1ccccc1,1
1192,O=C1C=Cc2ccccc2C1=NNc1ccccc1,1
1193,CCC(=O)OCCCCCC(C)C,0
1194,C[Hg]OC(C)=O,0
1195,CN(C)c1ccc(N=NS(=O)(=O)[O-])cc1.[Na+],0
1196,CC(C)N(C(=O)SCC(Cl)=CCl)C(C)C,1
1197,CCC1OC(=O)C(C)C(OC2CC(C)(OC)C(O)C(C)O2)C(C)C(OC2OC(C)CC([NH+](C)C)C2O)C(C)(O)CC(C)C(=O)C(C)C(O)C1(C)O.CCCCCCCCCCCCCCCCCC(=O)[O-],0
1198,CC1CN(N=O)CO1,1
1199,CCOC(OCC)C(=O)c1ccccc1,0
1200,CCN(CC)C(=O)Nc1ccc(OCC(O)CNC(C)(C)C)c(C(C)=O)c1.[Cl-].[H+],0
1201,c1ccc2c(c1)c1c(c3cccnc32)O1,0
1202,O=P([O-])([O-])O.OCC(Br)CBr.[Mg+2],1
1203,Nc1ccc(C=Cc2ccc(N)cc2S(=O)(=O)[O-])c(S(=O)(=O)[O-])c1.[Na+].[Na+],0
1204,CN(C)N=Nc1ccc(Br)cc1,0
1205,CSC1=NC(C)(c2ccccc2)C(=O)N1Nc1ccccc1,0
1206,CN(C)N=Nc1c(Br)cc(Br)cc1Br,0
1207,CC1CN(N=O)CC(C)O1,1
1208,CN1COCN(Cc2cnc(Cl)s2)C1=N[N+](=O)[O-],0
1209,OCC1OC2OC3C(CO)OC(OC4C(CO)OC(OC5C(CO)OC(OC6C(CO)OC(OC7C(CO)OC(OC8C(CO)OC(OC1C(O)C2O)C(O)C8O)C(O)C7O)C(O)C6O)C(O)C5O)C(O)C4O)C(O)C3O,0
1210,CCCCN(N=O)C(CCC)OC(C)=O,1
1211,NC(CC(=O)O)C(=O)[O-].[Na+],0
1212,Cc1ccc([N+]#N)cc1.O=S(=O)([O-])[O-],1
1213,C#CC1(O)CCC2C3CCC4=C(CCC(=O)C4)C3CCC21C,1
1214,COc1cc2c(c3oc(=O)c4c(c13)CCC4=O)C1CCOC1O2,1
1215,c1ccc2cc3c(ccc4ccccc43)cc2c1,1
1216,CCC(=C(c1ccccc1)c1ccc(OCCN(C)C)cc1)c1ccccc1,1
1217,c1ccc2c(c1)cc1ccc3c4ccccc4cc4ccc2c1c43,1
1218,CC1=C2C(=COC(C)C2C)C(=O)C(=C(O)O)C1=O,1
1219,CC1CN1,1
1220,OCC(O)C(O)C(O)C(O)CO,0
1221,COc1cccc2c1C(=O)c1c(O)c3c(c(O)c1C2=O)CC(O)(C(C)=O)CC3OC1CC(N)C(O)C(C)O1,1
1222,C=CN(C)N=O,1
1223,O=CCC=O,0
1224,CC(=O)NC1C(O)OC(CO)C(O)C1O,0
1225,CC(C)(c1ccc(OCC2CO2)cc1)c1ccc(OCC2CO2)cc1,0
1226,CC(=O)N(OC1OC(C(=O)O)C(O)C(O)C1O)c1ccc2c(c1)Cc1ccccc1-2,0
1227,NC(CCC(=O)NNc1ccc(CO)cc1)C(=O)O,0
1228,CN1C2CCC1CC(OC(=O)C(CO)c1ccccc1)C2,0
1229,C=CC(=O)OCCCC,0
1230,COC(=O)N(C(=O)N1COC2(C(=O)OC)Cc3cc(Cl)ccc3C2=N1)c1ccc(OC(F)(F)F)cc1,0
1231,FC(F)OC(Cl)C(F)(F)F,0
1232,ON=c1ccn(O)c2ccccc12.[Cl-].[H+],1
1233,O.O=C([O-])c1ccccn1.[Cr],0
1234,CC(N)Cc1ccccc1.CC(N)Cc1ccccc1.O=S(=O)(O)O,0
1235,CCC(C)OC(OC(C)CC)C(=O)c1ccccc1,0
1236,CCOC(=O)N(C)N=O,1
1237,COc1ccc(N)cc1.[Cl-].[H+],0
1238,CCCCNN.[Cl-].[H+],1
1239,Nc1ccc2c(c1)Cc1ccccc1-2,1
1240,CCCN(CCC)C(=O)SCC,0
1241,NC(CCC(=O)O)C(=O)[O-].[Na+],0
1242,CCCCCCCCCc1ccc(OCCO)cc1,0
1243,CC12CCC3c4ccc(O)cc4CCC3C1CC(O)C2O,1
1244,O=C1OC(C(O)CO)C(=O)[C-]1O.[Na+],0
1245,c1ccc2c3c(ccc2c1)-c1cccc2cccc-3c12,1
1246,CC=CC=O,0
1247,OC1CCc2c(ccc3cc4ccc5ccccc5c4nc23)C1O,0
1248,c1ccc2c(c1)ccc1cccnc12,0
1249,COc1cc(OC)c2c(c1Cl)OC1(C2=O)C(C)CC(=O)CC1OC,1
1251,CC(CN1c2ccccc2Sc2ccccc21)N(C)C.[Cl-].[H+],0
1252,CCC(=C(CC)c1ccc(O)cc1)c1ccc(O)cc1,1
1253,C=CC(=O)OCC(CC)CCCC,0
1254,O=[N+]([O-])c1c2ccccc2cc2c3ccccc3c3ccccc3c12,0
1255,Cc1cccc2c(C)c3c(ccc4ccccc43)c(C)c12,1
1256,CN(C)CCOc1ccc(C(=C(CCCl)c2ccccc2)c2ccccc2)cc1.O=C(O)CC(O)(CC(=O)O)C(=O)O,0
1257,O=C([O-])c1ccccn1.O=C([O-])c1ccccn1.O=C([O-])c1ccccn1.[Cr+3],0
1258,CC(C=CC=C(C)C(=O)OC1OC(COC2OC(CO)C(O)C(O)C2O)C(O)C(O)C1O)=CC=CC=C(C)C=CC=C(C)C(=O)OC1OC(COC2OC(CO)C(O)C(O)C2O)C(O)C(O)C1O,0
1259,O=[N+]([O-])c1ccc2ccc3c4ccccc4c([N+](=O)[O-])c4ccc1c2c43,1
1260,Clc1ccc(C(c2ccc(Cl)cc2)C(Cl)(Cl)Cl)cc1.Clc1ccc(C(c2ccccc2Cl)C(Cl)(Cl)Cl)cc1,1
1261,CCOP(=S)(CC)Sc1ccccc1,0
1262,CNC(=O)N(C)N=O,1
1263,O=C(Nc1ccccc1)Nc1ccnc(Cl)c1,0
1264,CCC(=O)OC1CCC2C3CCC4=CC(=O)CCC4(C)C3CCC12C,1
1265,CC(=O)O.CCNC(=O)C1CCCN1C(=O)C(CCCN=C(N)N)NC(=O)C(CC(C)C)NC(=O)C(COC(C)(C)C)NC(=O)C(Cc1ccc(O)cc1)NC(=O)C(CO)NC(=O)C(Cc1c[nH]c2ccccc12)NC(=O)C(Cc1cnc[nH]1)NC(=O)C1CCC(=O)N1,0
1267,CNc1ccc(N=Nc2ccccc2)cc1,1
1268,O=C1C=Cc2ccccc2C1=NNc1ccc([N+](=O)[O-])cc1Cl,0
1269,COc1ccccc1O,0
1270,Nc1ccc(N=Nc2ccccc2)c(N)n1.[Cl-].[H+],1
1271,CC(=O)Nc1ccc2ccc3cccc4ccc1c2c34,0
1272,O=CN(O)c1ccc(C=Cc2ccccc2)cc1,1
1273,c1ccc2c(c1)cnc1ccccc12,0
1274,OC1c2ccccc2-c2nc3ccccc3cc2C1O,0
1275,Cn1cc(OCC(O)CNC(C)(C)C)c2ccccc2c1=O.[Cl-].[H+],0
1276,NC(Cc1ccc(N(CCCl)CCCl)cc1)C(=O)O,1
1277,Nc1cc(Cl)ccc1O,1
1278,Cc1ccc(O)cc1,0
1279,O=C(CO)C(O)C(O)C(O)CO,0
1282,ClC1=C(Cl)C2(Cl)C3C(Cl)C(Cl)CC3C1(Cl)C2(Cl)Cl,1
1283,OC[P+](CO)(CO)CO.[Cl-],0
1284,COc1ccc([N+](=O)[O-])cc1NN=C1C(=O)C(C(=O)Nc2cccc([N+](=O)[O-])c2)=Cc2ccccc21,0
1285,Cc1cc(C)c(S(=O)(=O)[O-])cc1NN=C1C=C(S(=O)(=O)[O-])c2ccccc2C1=O.[Na+].[Na+],0
1286,CCS(=O)(=O)c1ccc(S(N)(=O)=O)c2ccccc12,1
1287,O=S(=O)([O-])NC1CCCCC1.[Na+],0
1288,Cc1cc2ncccc2c2nc(N)n(C)c12,1
1289,C=Cc1ccncc1,0
1290,Cc1c2ccccc2cc2c1ccc1ccccc12,1
1291,CSC(=O)c1cccc2nnsc12,0
1292,CCCCCC(O)C=CC=O,0
1293,CCn1c2ccccc2c2cc(N)ccc21.[Cl-].[H+],1
1294,Cn1c(NO)nc2ncc(-c3ccccc3)cc21,0
1295,CC(=O)OC[N-][N+](C)=O,1
1296,CCCCNC(=O)OCC#CI,0
1297,O=c1cc(CO)occ1O,1
1298,CN(C)CCOC(C)(c1ccccc1)c1ccccn1.O=C(O)CCC(=O)O,1
1299,Nc1ccc2cc3ccccc3cc2c1,1
1300,O=[N+]([O-])c1cccc2c1ccc1c3ccccc3ccc21,0
1301,CC=Cc1ccc(O)c(OC)c1,0
1302,COc1ccc2c3c1OC1C(O)C=CC4C(C2)N(C)CCC341,0
1303,COC(=O)N=NC=C1C=[N+]([O-])c2ccccc2N1O,1
1304,CCC(C)OC(=O)N1CCCCC1CCO,0
1305,CC1(C)CN=C(NN=C(C=Cc2ccc(C(F)(F)F)cc2)C=Cc2ccc(C(F)(F)F)cc2)NC1,0
1306,C=CC=NO,0
1307,CC(=O)[O-].CC(=O)[O-].[OH-].[OH-].[OH-].[OH-].[Pb+2].[Pb+2].[Pb+2],1
1308,CCCCCN(C)N=O,1
1309,CC1CS(=O)(=O)CCN1N=Cc1ccc([N+](=O)[O-])o1,1
1310,Clc1ccc(Cl)c(-c2cc(Cl)ccc2Cl)c1,0
1311,Nc1nc(=O)c2ncn(C3CC(CO)C3CO)c2[nH]1,1
1312,C=CC(=O)OCCCCCC(C)C,0
1313,OC(Cn1cncn1)(c1ccc(F)cc1)c1ccccc1F,0
1314,O=CC(Br)=Cc1ccccc1,0
1315,OC1C2COC(O2)C(O)C1O,0
1316,OC1c2cccc3c4ccccc4c4c5ccccc5cc(c4c23)C1O,0
1318,CCCCCCCCC=CCCCCCCCC(=O)[O-].[Na+],0
1319,CC1=CC(=O)N=S(=O)([O-])O1.[K+],0
1320,O=C(O)C1=CC(=NNc2ccc(C(=O)O)cc2)C=CC1=O,0
1321,CCOC(=O)C(C)Oc1ccc(Oc2nc3ccc(Cl)cc3o2)cc1,0
1322,CCCCN(C)N=O,1
1323,O.O=c1[nH]c(=O)n(O)c2nc[nH]c12,1
1324,O=[N+]([O-])c1ccc2c(c1)-c1ccc([N+](=O)[O-])c3cccc-2c13,1
1325,Cc1cc2ccccc2c2cc([N+](=O)[O-])c3ccccc3c12,1
1326,CC1=CC2OC3C(O)C(O)C(C)(C34CO4)C2(CO)C(O)C1=O,0
1327,CCCCCCC(O)CC=CCCCCCCCC(=O)O.OCC(O)CO,0
1328,CC(=O)OCC=C(C)CCC=C(C)C,0
1329,NC(N)=Nc1nc(CSCCN=CNS(=O)(=O)c2ccc(Br)cc2)cs1,0
1330,CC1(C)C(C(=O)OC(C#N)c2cccc(Oc3ccccc3)c2)C1(C)C,0
1331,CCCCCCCCN(C)N=O,1
1332,O=C1NC(=O)c2c(ncn2[O-])[NH2+]1,1
1333,Nc1ccc(N=Nc2ccccc2)cc1,1
1334,C=CCN(N)CC=C,1
1335,Cc1nn(C)c(Oc2ccccc2)c1C=NOCc1ccc(C(=O)OC(C)(C)C)cc1,0
1336,Cc1c(C(=O)O)c(O)cc2c1C(=O)c1c(O)c(C3OC(CO)C(O)C(O)C3O)c(O)c(O)c1C2=O,0
1337,CNC(C)C(O)c1ccccc1.CNC(C)C(O)c1ccccc1.O=S(=O)(O)O,0
1338,ClCc1ccccn1.[Cl-].[H+],0
1339,Cc1cc(N)ccc1N.O=S(=O)(O)O,0
1340,CC(C(O)CCC(C)(C)O)C1CCC2(O)C3=CC(=O)C4CC(O)C(O)CC4(C)C3CCC12C,1
1341,COc1cc(C=CC(=O)OC2CCC34CC35CCC3(C)C(C(C)CCC=C(C)C)CCC3(C)C5CCC4C2(C)C)ccc1O,0
1342,OC1C=Cc2c(ccc3ncccc23)C1O,0
1343,Cc1ccc(S(=O)(=O)[O-])cc1C.[Na+],0
1344,O=[N+]([O-])c1ccc2ccc3ccc([N+](=O)[O-])c4ccc1c2c34,1
1345,C1=Cc2c3ccccc3cc3cccc1c23,1
1346,Cc1c(N(C)C)c(=O)n(-c2ccccc2)n1C,0
1347,c1ccc2c(c1)ccc1ccccc12,0
1348,CCN(COC(C)=O)N=O,1
1349,CC(=O)OCC1OC(OC2(COC(C)=O)OC(COC(=O)C(C)C)C(OC(=O)C(C)C)C2OC(=O)C(C)C)C(OC(=O)C(C)C)C(OC(=O)C(C)C)C1OC(=O)C(C)C,0
1350,OCC1OC(OC2(CCl)OC(CCl)C(O)C2O)C(O)C(O)C1Cl,0
1351,CCC1=C(C)CN(C(=O)NCCc2ccc(S(=O)(=O)NC(=O)NC3CCC(C)CC3)cc2)C1=O,0
1352,CCCCN(CC)N=O,1
1354,CN(C)C(=O)Cl,1
1355,c1ccc2c(c1)ccc1cc3c(ccc4ccccc43)cc12,1
1356,CC12C=CC(=O)C=C1CCC1C2C(=O)CC2(C)C1CCC2(O)C(=O)CO,0
1357,CN(C)c1ccc([C+](c2ccc(N(C)C)cc2)c2ccc(N(C)C)cc2)cc1.[Cl-],1
1358,O=[N+]([O-])c1ccc2ccc3c4ccccc4ccc3c2c1,0
1359,O=C1OC2(c3ccccc31)c1ccc(O)c(I)c1Oc1c2ccc(O)c1I,0
1360,CCCc1cc2ccccc2c2ccc3c(c12)C1OC1C(O)C3O,0
1361,O=c1c(OC2OC(CO)C(O)C(O)C2O)c(-c2ccc(O)c(O)c2)oc2cc(O)cc(O)c12,0
1362,Nc1cc2c3ccccc3ccc2c2ccccc12,0
1363,CC(=O)C=O,0
1364,CCCN(CC(C)=O)N=O,1
1365,c1ccc2nc3c(ccc4ccccc43)cc2c1,1
1366,COc1cc(NS(C)(=O)=O)ccc1Nc1c2ccccc2nc2ccccc12,1
1367,CCC1CCCC(OC2CCC(N(C)C)C(C)O2)C(C)C(=O)C2=CC3C(C=CC4CC(OC5OC(C)C(OC)C(OC)C5OC)CC43)C2CC(=O)O1,0
1368,F[B-](F)(F)F.N#[N+]c1ccccc1,0
1370,Cc1cccc2ccccc12,0
1371,CCCC(=O)CN(C)N=O,1
1372,CC1OC(OCC2OC(Oc3cc4c(O)cc(O)cc4[o+]c3-c3ccc(O)c(O)c3)C(O)C(O)C2O)C(O)C(O)C1O.[Cl-],0
1373,COc1cc(OC)nc(NC(=O)NS(=O)(=O)c2c(NC=O)cccc2C(=O)N(C)C)n1,0
1374,OCC(O)C(O)CO,0
1375,CC12CC(=CO)C(=O)CC1CCC1C2CCC2(C)C1CCC2(C)O,1
1376,CNC(=O)Oc1cccc2c1OC(C)(C)C2,0
1377,N=C1C=CC(=C(c2ccc(N)cc2)c2ccc(N)cc2)C=C1.[Cl-].[H+],1
1378,CC(=NC#N)N(C)Cc1ccc(Cl)nc1,0
1379,CN1C2CC(OC(=O)C(CO)c3ccccc3)CC1C1OC12.O.O.O.[Br-].[H+],0
1380,O=C([O-])C1=Cc2ccccc2C(=NNc2ccccc2)C1=O.O=C([O-])C1=Cc2ccccc2C(=NNc2ccccc2)C1=O.[Ca+2],0
1381,O=C(O)CC1NC(=O)C(Cc2ccccc2)NC1=O,0
1382,Cc1ccc(S(=O)(=O)Oc2ccc(N=Nc3ccc(-c4ccc(NN=C5C(=O)C=Cc6cc(S(=O)(=O)[O-])cc(S(=O)(=O)[O-])c65)c(C)c4)cc3C)cc2)cc1.[Na+].[Na+],1
1383,N#[N+]c1ccc(CO)cc1,1
1384,COc1ccc(CN(CCN(C)C)c2ccccn2)cc1.O=C(O)C=CC(=O)O,0
1385,CN(C)c1ccc([C+](c2ccc(N(C)C)cc2)c2c(O)c(S(=O)(=O)[O-])cc3cc(S(=O)(=O)[O-])ccc23)cc1.[Na+],0
1386,Cc1c(N)cccc1N.[Cl-].[Cl-].[H+].[H+],0
1387,O=[N+]([O-])c1cccc2c1-c1cccc3c([N+](=O)[O-])ccc-2c13,1
1388,COC(Cc1ccc(OCCCOc2ccc(Oc3ccccc3)cc2)cc1)C(=O)O,0
1389,c1ccc2c(c1)-c1cccc3c1c-2cc1ccccc13,1
1390,CC=Cc1ccc2c(c1)OCO2,1
1391,C=Cc1cccnc1,0
1392,COC(=O)COc1ccc(Cl)cc1,0
1393,CC(C)NCCCC1(C(N)=O)c2ccccc2-c2ccccc21.[Cl-].[H+],0
1394,O=C([O-])C1=NN(c2ccc(S(=O)(=O)[O-])cc2)C(=O)C1N=Nc1ccc(S(=O)(=O)[O-])cc1.[Na+].[Na+].[Na+],0
1395,COc1cc(OC)nc(NC(=O)NS(=O)(=O)c2c(Cl)nc3ccccn23)n1,0
1396,CC1(C(=O)O)CCC2(C)CCC3(C)C(=CC(=O)C4C5(C)CCC(OC6OC(C(=O)O)C(O)C(O)C6OC6CC(C(=O)O)C(O)C(O)C6O)C(C)(C)C5CCC43C)C2C1.[Na].[Na],0
1397,Cc1ccccc1N.[Cl-].[H+],1
1399,CCOC(=O)C=[N+]=[N-],1
1400,ClC1=CC(c2cc(Cl)ccc2Cl)=C(Cl)C2OC12,0
1401,CC(=O)Oc1ccccc1C(=O)O.CCOc1ccc(NC(C)=O)cc1.Cn1c(=O)c2c(ncn2C)n(C)c1=O,0
1402,Nc1c(Cl)c(F)nc(OCC(=O)O)c1Cl,0
1403,O=[N+]([O-])c1cc([N+](=O)[O-])c2ccc(S(=O)(=O)[O-])cc2c1[O-].[Na+],0
1404,CCC(C)C1OC2(C=CC1C)CC1CC(CC=C(C)C(OC3CC(OC)C(OC4CC(OC)C([NH2+]C)C(C)O4)C(C)O3)C(C)C=CC=C3COC4C(O)C(C)=CC(C(=O)O1)C34O)O2.O=C([O-])c1ccccc1,0
1405,CCc1cc2ccccc2c2ccc3c(c12)C1OC1C(O)C3O,0
1406,CCCCOC(=O)c1ccc(O)cc1,0
1407,CCN(CC)C(=O)N(C)N=O,1
1408,COc1cccc2c1C(=O)c1c(O)c3c(c(O)c1C2=O)CC(O)(C(=O)CO)CC3OC1CC(N)C(O)C(C)O1,1
1409,OC1C=Cc2c(ccc3cccnc23)C1O,0
1410,ClCc1cccnc1.[Cl-].[H+],1
1411,N.O=NN(O)c1ccccc1,1
1412,CN(CCC#N)N=O,1
1413,O=[N+]([O-])c1ccc2c(ccc3c4ccccc4ccc23)c1,0
1414,c1cc2ccc3cc4cccc5ccc6cc(c1)c2c3c6c54,1
1415,CN(C)CCOC(c1ccccc1)c1ccccc1.[Cl-].[H+],0
1416,CC(O)CN(N=O)C(N)=O,1
1417,O=[N+]([O-])c1ccc(O)cc1,0
1418,O=C([O-])C1=Cc2ccccc2C(=NNc2ccc3ccccc3c2S(=O)(=O)[O-])C1=O.[Ca+2],0
1419,CN(C)NN=C1N=CN=C1C(N)=O,1
1420,Cc1cc(C)nc(NS(=O)(=O)c2ccc(N)cc2)n1,1
1421,O=C1C(O)=C(O)OC1C(O)C[O-].[Na+],0
1422,CCN(CC)c1cc2[o+]c3cc(N(CC)CC)c(C)cc3c(-c3ccc(S(=O)(=O)[O-])cc3S(=O)(=O)[O-])c2cc1C.[Na+],0
1424,CC=CC=CC=O,1
1425,c1ccc2c(c1)ccc1c3ccccc3ccc21,1
1426,CCO[Si](CCC1CCC2OC2C1)(OCC)OCC,0
1427,C=CN(CC)N=O,1
1428,O=c1[nH]cc(N(CCCl)CCCl)c(=O)[nH]1,1
1429,CN1C(=C(O)Nc2ccccn2)C(=O)c2sc(Cl)cc2S1(=O)=O,0
1430,Cc1ccc(NN=C2C(=O)C=Cc3ccccc32)c([N+](=O)[O-])c1,1
1431,Nc1ccc(-c2ccc(F)cc2)cc1,1
1432,CCC(=O)N(O)c1ccc(-c2ccccc2)cc1,0
1433,C=C(C)C(N)=O,1
1434,CC12CCC3C(CC=C4CC(O)CCC43C)C1CCC2=O,1
1435,OCc1ccc2ccc3cccc4ccc1c2c34,0
1436,OC1c2cccc3c2C2(OC2C1O)c1ccccc1-3,1
1437,CN(Cc1ccccc1)N=O,1
1438,CNCC(O)c1cccc(O)c1.[Cl-].[H+],0
1439,CCCCCCCCC=CCCCCCCCC(=O)OCCOCC(OCCO)C1OC(OCCO)CC1OCCO,0
1440,OC1c2nc3c(ccc4ccccc43)cc2C2OC2C1O,0
1441,CC12CCC3C4=C(CCC3C1CCC2=O)C(=O)C(=O)C=C4,0
1442,CC(C)COC(=O)c1ccc(O)cc1,0
1443,CCCN[NH3+].[Cl-],1
1444,Nc1ccn(C2OC(CO)C(O)C2O)c(=O)n1,0
1445,CC(C)CC=NN(C)C=O,1
1446,O=C([O-])CC(O)(CC(=O)[O-])C(=O)[O-].[Fe+3],0
1447,Cn1cc(-c2ccccc2)c(=O)c(-c2cccc(C(F)(F)F)c2)c1,0
1448,CCN(CC(=O)O)N=O,0
1449,OCC(O)C(O)C(O)C(O)COC1OC(CO)C(O)C(O)C1O,0
1450,O=C1C(O)=C(O)OC1C(O)CO,0
1451,CN(C)c1ccc([C+](c2ccccc2)c2ccc(N(C)C)cc2)cc1.[Cl-],0
1452,COc1cc(C(C)(C)C)c(O)cc1C(C)(C)C,0
1453,CCCCCc1cc(O)c2c(c1)OC(C)(C)C1CCC(C)=CC21,0
1454,c1ccc2c(c1)c1cccc3ccc4cccc2c4c31,0
1455,Nc1nc(=O)c2ncn(COCCO)c2[nH]1,0
1456,S=C([S-])NCCNC(=S)[S-].[Zn+2],0
1457,CN(N=O)C(CCCO)c1cccnc1,0
1458,O=C1OC2(c3cc(Br)c([O-])c(Br)c3Oc3c2cc(Br)c([O-])c3Br)c2c(Cl)c(Cl)c(Cl)c(Cl)c21.[Na+].[Na+],0
1459,OC1c2cc3ccc4cccc5ccc(c2C2OC2C1O)c3c45,1
1460,O=[N+]([O-])c1cc2cccc3ccc4cccc1c4c32,1
1461,CN(N=O)C(=O)NCCCC(N)C(=O)O,1
1462,N#CCCC(Br)(C#N)CBr,0
1463,CC=C(C)C(=O)OC1CCN2CC=C(COC(=O)C(O)(C(C)OC)C(C)(C)O)C12,1
1464,Clc1cc2c(c(Cl)c1Cl)Oc1c(Cl)c(Cl)c(Cl)c(Cl)c1O2,1
1465,Cc1cc2c(c3ccc4ccccc4c13)C=CC(O)C2O,1
1466,CCn1cc(C(=O)O)c(=O)c2cc(F)c(N3CCNCC3)cc21,0
1467,Nc1ncn(C2OC(CO)C(O)C2O)c(=O)n1,1
1469,CC(=O)OC1(C(C)=O)CCC2C3C=C(Cl)C4=CC(=O)C5CC5C4(C)C3CCC21C,1
1470,CC(=O)OCC=C(C)C=CC=C(C)C=CC1=C(C)CCCC1(C)C,1
1471,Cc1cc2c3c(cccc3c1)-c1ccccc1-2,1
1472,OCc1c2ccccc2c2ccc3cccc4ccc1c2c43,1
1473,C=C1CC23CCC4C(C)(C(=O)OC5OC(CO)C(O)C(O)C5O)CCCC4(C)C2CCC1(OC1OC(CO)C(O)C(O)C1OC1OC(CO)C(O)C(O)C1O)C3,0
1474,O=C(CO)CO,0
1475,CCCCOC(=O)C(C)Oc1ccc(Oc2ccc(C(F)(F)F)cn2)cc1,0
1476,COc1cc2c(c3oc(=O)c4c(c13)CCC4O)C1C=COC1O2,1
1477,CC1(C)C(C(=O)OC(C#N)c2cccc(Oc3ccccc3)c2)C1C(Br)C(Br)(Br)Br,0
1478,CCN(CC)CCCNC(=O)Cn1ncc(-c2ccccc2)c1-c1ccccc1.O=C(O)C=CC(=O)O,0
1480,CCN=c1cc2oc3cc(NCC)c(C)cc3c(-c3ccccc3C(=O)OCC)c-2cc1C.[Cl-].[H+],0
1481,Cc1ccc(C(=CCN2CCCC2)c2ccccn2)cc1.O.[Cl-].[H+],0
1482,c1ccc2c(c1)ccc1cc3ccc4ccccc4c3nc12,1
1483,CC(Cc1ccccc1)NN.[Cl],0
1484,O=C(O)Nc1ccc(-c2ccccc2)cc1,0
1485,CCCSP(=O)(OCC)SCCC,0
1486,C=CSCCC(N)C(=O)O,1
1487,CCCCCC=NN(C)C=O,1
1488,O=C(O)CCCCC=C(c1ccccc1)c1cccnc1,0
1489,CCO[Si](CCCOCC1CO1)(OCC)OCC,0
1490,CN(C)C1C(=O)C(=C(N)O)C(=O)C2(O)C(=O)C3=C(O)c4c(O)cccc4C(C)(O)C3C(O)C12.[Cl-].[H+],0
1491,Nc1ccc(N)c(Cl)c1.O=S(=O)(O)O,0
1492,Nc1ccccc1C(=O)OCC=Cc1ccccc1,1
1493,O=C(O)C1=CC(=NNc2ccc(S(=O)(=O)Nc3ccccn3)cc2)C=CC1=O,1
1494,Cc1cnc(C2=NC(C)(C(C)C)C(=O)N2)c(C(=O)O)c1,0
1495,CC(=O)CN(CC(C)O)N=O,1
1496,Nc1ccc(O)c(N)c1.[Cl-].[Cl-].[H+].[H+],0
1497,C=COC(N)=O,1
1498,COC12C(COC(N)=O)C3=C(C(=O)C(C)=C(N)C3=O)N1CC1NC12,1
1499,O=C1C=Cc2cc(S(=O)(=O)[O-])cc(S(=O)(=O)[O-])c2C1=NNc1ccc(S(=O)(=O)[O-])c2ccccc12.[Na+].[Na+].[Na+],0
1500,CS(=O)(=O)c1ccc(C(O)C(CO)NC(=O)C(Cl)Cl)cc1,0
1501,O=C1C(=NNc2ccc(S(=O)(=O)[O-])c3ccccc23)C=C(S(=O)(=O)[O-])c2ccccc21.[Na+].[Na+],0
1502,OC1C=Cc2c(cc3ccc4cccc5ccc2c3c45)C1O,1
1503,Nc1ccccc1,0
1504,OC1C=Cc2c(ccc3cc4ccccc4nc23)C1O,1
1505,CC(=O)[O-].CC(=O)[O-].[Ni+2],1
1506,O=C(O)C1OC(Nc2ccc3c(c2)Cc2ccccc2-3)C(O)C(O)C1O,0
1507,CCCN(COC(C)=O)N=O,1
1508,CC12CCC(=O)C=C1CCC1C2CCC2(C)C(O)CCC12,1
1509,CC(O)C(=O)[O-].CC(O)C(=O)[O-].[Ca+2],0
1510,CC1(C)SC2C(NC(=O)COc3ccccc3)C(=O)N2C1C(=O)[O-].[K+],0
1511,Cc1cc2ccccc2c2ccc3ccccc3c12,1
1512,O=C(O)C=Cc1ccc(O)c(O)c1,1
1513,CCCCCOC(=O)COc1cc(N2C(=O)C3=C(CCCC3)C2=O)c(F)cc1Cl,0
1514,Cc1cc(-c2ccccc2C)ccc1N.[Cl-].[H+],1
1515,O=[N+]([O-])c1cc([N+](=O)[O-])c2ccc3cccc4ccc1c2c43,1
1516,c1cc2ccc3ccc4ccc5cccc6c(c1)c2c3c4c56,0
1517,COc1cc(C(C)(C)C)c(O)c(C(C)(C)C)c1,0
1518,CC(C)N.O=C(O)CNCP(=O)(O)O,0
1519,CCC(C)(CC)c1cc(NC(=O)c2c(OC)cccc2OC)on1,1
1520,c1ccc2nc3ccc4ccccc4c3cc2c1,0
1521,Oc1ccc(O)c(-c2ccccc2)c1,0
1522,COc1c(N2CC3CCCNC3C2)c(F)cc2c(=O)c(C(=O)O)cn(C3CC3)c12,0
1523,CC12CCC3c4ccc(OC(=O)c5ccccc5)cc4CCC3C1CCC2O,1
1524,Cc1cc(=O)oc2c1cc(C)c1occ(C)c12,0
1525,NCCO.O=C(Nc1ccc([N+](=O)[O-])cc1Cl)c1cc(Cl)ccc1O,0
1526,CCSC(=O)N(CC)C1CCCCC1,0
1528,CN1CSC(=S)N(C)C1,0
1529,Cc1cc2ccccc2c2ccc3c(c12)C1OC1C(O)C3O,1
1530,CS(=O)(=O)OCCCNCCCOS(C)(=O)=O.[Cl-].[H+],0
1531,CCCCC(CC)COC(=O)c1ccc(C(=O)OCC(CC)CCCC)cc1,0
1532,CCCCN(COC(C)=O)N=O,1
1533,O=C([O-])C(=O)[O-].O=C([O-])C(=O)[O-].O=[Ti+2].[K+].[K+],0
1534,CON=C(C(=O)OC)c1ccccc1COc1ccccc1C,1
1535,COc1cc(-c2ccc(NN=C3C(=O)c4c(N)cc(S(=O)(=O)[O-])cc4C=C3S(=O)(=O)[O-])c(OC)c2)ccc1NN=C1C(=O)c2c(N)cc(S(=O)(=O)[O-])cc2C=C1S(=O)(=O)[O-].[Na+].[Na+].[Na+].[Na+],1
1536,CCN(CC)C(=S)[S-].[Na+],0
1537,CCOP(=O)=O.CCOP(=O)=O.CCOP(=O)=O.[Al+3],0
1538,Cn1c(CCCC(=O)O)nc2cc(N(CCCl)CCCl)ccc21.[Cl-].[H+],1
1539,c1ccc2nc3ccccc3cc2c1,0
1540,[O-][n+]1cc[n+]([O-])c2ccccc21,1
1541,C#CC1(O)CCC2C3CCc4cc(OC)ccc4C3CCC21C,1
1542,CC1(c2ccc(Oc3ccccc3)cc2)OC(=O)N(Nc2ccccc2)C1=O,0
1543,O=CNC(N1CCOCC1)C(Cl)(Cl)Cl,0
1544,CC12CCC3c4ccc(O)cc4CCC3C1CCC2=O,1
1545,O=C([O-])CC(O)(CC(=O)O)C(=O)[O-].O=C([O-])CC(O)(CC(=O)O)C(=O)[O-].[Pu],1
1546,CC(C)=CCCC(C)=CC=CC(C)=CC=CC(C)=CC=CC=C(C)C=CC=C(C)C=CC=C(C)CCC=C(C)C,0
1547,O=[N+]([O-])c1ccc2ccc3c(O)ccc4ccc1c2c43,0
1548,O=[N+]([O-])c1cc2c3c(ccc2c2ccccc12)C(O)C(O)C=C3,1
1549,Clc1ccc(-c2ccc(Cl)cc2Cl)c(Cl)c1,1
1550,NC(CS)C(=O)O.[Cl-].[H+],0
1551,CS(=O)(=O)O.Cc1ccc(N(CC2=NCCN2)c2cccc(O)c2)cc1,1
1552,Nc1ccc(N(CCO)CCO)cc1.O=S(=O)(O)O,0
1553,O=C1OC2(c3ccccc31)c1ccc(O)c(Br)c1Oc1c2ccc(O)c1Br,0
1554,CCn1c2ccccc2c2ccccc21,0
1555,CN(C)N=Nc1ccc(Cl)cc1,0
1556,CCNC(=O)N(C)N=O,1
1557,C=C(C)C1CC=C(C)C(=O)C1,0
1558,CC(N)(Cc1ccc(O)c(O)c1)C(=O)O.CC(N)(Cc1ccc(O)c(O)c1)C(=O)O.O.O.O,0
1559,O=c1[nH]c2ccccc2c2ccccc12,0
1560,C1CSC[NH2+]1,0
1561,C[N+](C)(C)NCCC(=O)[O-],0
1562,CCCCN(CCCC(=O)O)N=O,1
1563,CCN(N=O)C(N)=N[N+](=O)[O-],1
1564,CCOP(=S)(OCC)Oc1nc(Cl)n(C(C)C)n1,0
1565,O=C(O)CCCOc1ccc(Cl)cc1Cl,0
1566,CC(C)([N+](=O)[O-])C(C)(C)[N+](=O)[O-],0
1567,CCC(=O)N(O)c1ccc(C=Cc2ccccc2)cc1,1
1568,O=C1C=CC(=O)C(c2ccccc2)=C1,0
1569,c1ccc2c(c1)ccc1[nH]c3ccc4ccccc4c3c12,1
1570,OCCN(CCO)C(=S)[S-].[K+],1
1571,Cc1cc2ccccc2c2ccc3c(c12)C=CC(O)C3O,1
1572,Nc1ccc2c(n1)[nH]c1ccccc12,1
1573,CCS(=O)(=O)N1CCC(C(=O)NC(C)c2ccccc2)CC1,0
1574,C1=CC2OC2C=C1,0
1575,Cn1cc(C(=O)C2CCc3nc[nH]c3C2)c2ccccc21.[Cl-].[H+],0
1576,C=C1CC(=CC)C(=O)OC2CCN3CC=C(COC(=O)C1(O)CO)C23,1
1577,O=c1[nH]c(=O)n(C2CC(O)C(CO)O2)cc1Br,1
1578,OC(CNCCCl)C(O)C(O)C(O)CNCCCl,1
1579,O=[N+]([O-])c1ccc2ccc3c4ccccc4cc4ccc1c2c43,0
1580,O=[N+]([O-])c1ccc2c3c1ccc1cccc(c13)C1OC21,0
1581,Oc1ccc2ccc3c4ccc5ccccc5c4c4c(c3c2c1O)O4,1
1582,c1ccc2c(c1)ccc1c2ccc2c3ccccc3ccc21,1
1583,O=[N+]([O-])c1ccc2ccc3c([N+](=O)[O-])ccc4ccc1c2c43,1
1584,ClCC1OC1Cl,1
1585,Cc1ccc(C(=CC[NH+]2CCCC2)c2ccccn2)cc1.[Cl-],0
1586,NC(=O)N(CCc1ccccc1)N=O,1
1587,Nc1ccn(C2CCC(CO)O2)c(=O)n1,1
1588,CN(N=O)C(CCC(=O)O)c1cccnc1,0
1589,C#CCN1CC(=O)N(COC(=O)C2C(C=C(C)C)C2(C)C)C1=O,0
1590,CC=CCC(C)C(O)C1C(=O)NC(CC)C(=O)N(C)CC(=O)N(C)C(CC(C)C)C(=O)NC(C(C)C)C(=O)N(C)C(CC(C)C)C(=O)NC(C)C(=O)NC(C)C(=O)N(C)C(CC(C)C)C(=O)N(C)C(CC(C)C)C(=O)N(C)C(C(C)C)C(=O)N1C,0
1591,CC1(C)C(C=C(Cl)Cl)C1C(=O)OC(C#N)c1ccc(F)c(Oc2ccccc2)c1,0
1592,CC1Cc2c(Cl)cc(C(=O)NC(Cc3ccccc3)C(=O)O)c(O)c2C(=O)O1,1
1593,CCCCCCCCCCCC(=O)N(CCO)CCO,0
1594,O=CC=Cc1ccccc1,0
1595,C[N+](C)(C)CCCl.[Cl-],0
1596,O=[N+]([O-])c1cc2c3ccccc3ccc2c2ccccc12,1
1597,CC(C)CCCC(C)C1CCC2C3CC=C4CC(OC(=O)Cc5ccc(N(CCCl)CCCl)cc5)CCC4(C)C3CCC12C,1
1598,CC(=C(CCOC(=O)c1ccccc1)SC(=O)c1ccccc1)N(C=O)Cc1cnc(C)nc1N.[Cl-].[H+],0
1599,O=CC(=O)CC(O)C(O)CO,0
1600,CC(=O)Nc1cc(NS(=O)(=O)C(F)(F)F)c(C)cc1C.OCCNCCO,0
1601,CCC(=O)CNCN=O,1
1602,CCOC(=O)NO,1
1603,CN(CCCl)CCCl.[Cl-].[H+],1
1604,CC(=O)O.CCCCCCCCCCCCN=C(N)N,0
1605,c1cc2ccc3cccc4ccc(c1)c2c34,0
1606,O=[N+]([O-])c1cc([As](=O)(O)O)ccc1O,0
1607,CC(=O)N(O)c1ccc2ccc3cccc4ccc1c2c34,0
1608,COC(=O)C(Cc1ccccc1)NC(=O)C(N)CC(=O)O,0
1609,O=[N+]([O-])c1cc2c3c(cccc3c1)-c1ccccc1-2,0
1610,Cc1ccc(NN=C2C(=O)C(C(=O)[O-])=Cc3ccccc32)c(S(=O)(=O)[O-])c1.[Ca+2],0
1611,COc1cc2c(c3oc(=O)c4c(c13)CCC4=O)C1(O)C=COC1O2,1
1612,O=C1NC(=O)C(=O)C(=O)N1,1
1613,c1ccc2c(c1)ccc1nc3c(ccc4ccccc43)cc12,1
1614,O=[N+]([O-])c1cc(O)c2ccc3cccc4ccc1c2c34,0
1615,C=C(C#N)C(=O)OCC(C)C,1
1616,CN=NNc1c(Cl)cc(Cl)cc1Cl,0
1618,CC1OC1Cl,1
1619,O=NN1CCCCCC1,1
1620,CC1CC2(C)C(O)CCC2C2CCc3cc(O)ccc3C12,0
1621,CON(C)C(=O)Nc1ccc(Cl)c(Cl)c1,1
1622,c1ccc2c(c1)cc1c3ccccc3c3cccc4ccc2c1c43,1
1623,CCC(O)OC,0
1624,CC(O)CN(C)c1ccc(NN)nn1.[Cl-].[Cl-].[H+].[H+],0
1625,O=[N+]([O-])c1ccc2ccc3cc4ccccc4c4ccc1c2c34,0
1626,C1COCCN1.CCCCCCCCC=CCCCCCCCC(=O)O,0
1627,CCOP(=S)(OCC)SCCSCC,0
1628,N#Cc1c(Cl)cccc1Cl,1
1629,ClC(Cl)c1ccccc1,0
1630,c1ccc2cc3c4ccccc4c4ccccc4c3cc2c1,0
1631,O=C(O)C1C(C(=O)O)C2(Cl)C(Cl)=C(Cl)C1(Cl)C2(Cl)Cl,1
1632,O=C1OCCO1,0
1633,CC1CCCC(C)N1CCCC(O)(c1ccccc1)c1ccccn1.[Cl-].[H+],0
1634,Cc1cc(-c2ccccc2C)ccc1NO,1
1635,OCC(CO)NC1CC(O)(CO)C(O)C(O)C1O,0
1636,c1ccc2cc3c(cc2c1)-c1cccc2cccc-3c12,1
1637,O=C1OC2(c3ccccc31)c1cc(Br)c(O)c(Br)c1Oc1c2cc(Br)c(O)c1Br,0
1638,N#[N+]c1ccccc1.O=S(=O)([O-])[O-],1
1639,CN(C)C(=S)[S-].CN(C)C(=S)[S-].[Pb+2],0
